ColumnName,ID,Description
CITY_ID,1,ABERNATHY
CITY_ID,2,ABILENE
CITY_ID,3,ADDISON
CITY_ID,4,ALAMO
CITY_ID,5,ALAMO HEIGHTS
CITY_ID,6,ALICE
CITY_ID,7,ALLEN
CITY_ID,8,ALPINE
CITY_ID,9,ALTON
CITY_ID,10,ALVARADO
CITY_ID,11,ALVIN
CITY_ID,12,AMARILLO
CITY_ID,13,ANDREWS
CITY_ID,14,ANGLETON
CITY_ID,15,ANSON
CITY_ID,16,ANTHONY
CITY_ID,17,ARANSAS PASS
CITY_ID,18,ARGYLE
CITY_ID,19,ARLINGTON
CITY_ID,20,ATHENS
CITY_ID,21,ATLANTA
CITY_ID,22,AUSTIN
CITY_ID,23,AZLE
CITY_ID,24,BALCH SPRINGS
CITY_ID,25,BALCONES HEIGHTS
CITY_ID,26,BALLINGER
CITY_ID,27,BASTROP
CITY_ID,28,BAY CITY
CITY_ID,29,BAYTOWN
CITY_ID,30,BEAUMONT
CITY_ID,31,BEDFORD
CITY_ID,32,BEEVILLE
CITY_ID,33,BELLAIRE
CITY_ID,34,BELLMEAD
CITY_ID,35,BELLVILLE
CITY_ID,36,BELTON
CITY_ID,37,BENBROOK
CITY_ID,38,BIG LAKE
CITY_ID,39,BIG SPRING
CITY_ID,40,BISHOP
CITY_ID,41,BOERNE
CITY_ID,42,BONHAM
CITY_ID,43,BORGER
CITY_ID,44,BOWIE
CITY_ID,45,BRADY
CITY_ID,46,BRAZORIA
CITY_ID,47,BRECKENRIDGE
CITY_ID,48,BRENHAM
CITY_ID,49,BRIDGE CITY
CITY_ID,50,BRIDGEPORT
CITY_ID,51,BROOKSHIRE
CITY_ID,52,BROWNFIELD
CITY_ID,53,BROWNSVILLE
CITY_ID,54,BROWNWOOD
CITY_ID,55,BRYAN
CITY_ID,56,BUDA
CITY_ID,57,BUNKER HILL VILLAGE
CITY_ID,58,BURKBURNETT
CITY_ID,59,BURLESON
CITY_ID,60,BURNET
CITY_ID,61,CACTUS
CITY_ID,62,CALDWELL
CITY_ID,63,CAMERON
CITY_ID,64,CANTON
CITY_ID,65,CANYON
CITY_ID,66,CARRIZO SPRINGS
CITY_ID,67,CARROLLTON
CITY_ID,68,CARTHAGE
CITY_ID,69,CASTLE HILLS
CITY_ID,70,CASTROVILLE
CITY_ID,71,CEDAR HILL
CITY_ID,72,CEDAR PARK
CITY_ID,73,CENTER
CITY_ID,74,CHILDRESS
CITY_ID,75,CIBOLO
CITY_ID,76,CISCO
CITY_ID,77,CLARKSVILLE
CITY_ID,78,CLEBURNE
CITY_ID,79,CLEVELAND
CITY_ID,80,CLIFTON
CITY_ID,81,CLUTE
CITY_ID,82,CLYDE
CITY_ID,83,COCKRELL HILL
CITY_ID,84,COLEMAN
CITY_ID,85,COLLEGE STATION
CITY_ID,86,COLLEYVILLE
CITY_ID,87,COLORADO CITY
CITY_ID,88,COLUMBUS
CITY_ID,89,COMANCHE
CITY_ID,90,COMBES
CITY_ID,91,COMMERCE
CITY_ID,92,CONROE
CITY_ID,93,CONVERSE
CITY_ID,94,COPPELL
CITY_ID,95,COPPERAS COVE
CITY_ID,96,CORINTH
CITY_ID,97,CORPUS CHRISTI
CITY_ID,98,CORSICANA
CITY_ID,99,COTULLA
CITY_ID,100,CRANDALL
CITY_ID,101,CRANE
CITY_ID,102,CROCKETT
CITY_ID,103,CROWLEY
CITY_ID,104,CRYSTAL CITY
CITY_ID,105,CUERO
CITY_ID,106,DALHART
CITY_ID,107,DALLAS
CITY_ID,108,DAYTON
CITY_ID,109,DESOTO
CITY_ID,110,DECATUR
CITY_ID,111,DEER PARK
CITY_ID,112,DEL RIO
CITY_ID,113,DENISON
CITY_ID,114,DENTON
CITY_ID,115,DENVER CITY
CITY_ID,116,DEVINE
CITY_ID,117,DIBOLL
CITY_ID,118,DICKINSON
CITY_ID,119,DILLEY
CITY_ID,120,DIMMITT
CITY_ID,121,DONNA
CITY_ID,122,DUBLIN
CITY_ID,123,DUMAS
CITY_ID,124,DUNCANVILLE
CITY_ID,125,EAGLE LAKE
CITY_ID,126,EAGLE PASS
CITY_ID,127,EARLY
CITY_ID,128,EASTLAND
CITY_ID,129,EDCOUCH
CITY_ID,130,EDEN
CITY_ID,131,EDGECLIFF VILLAGE
CITY_ID,132,EDINBURG
CITY_ID,133,EDNA
CITY_ID,134,EL CAMPO
CITY_ID,135,EL LAGO
CITY_ID,136,EL PASO
CITY_ID,137,ELECTRA
CITY_ID,138,ELGIN
CITY_ID,139,ELSA
CITY_ID,140,ENNIS
CITY_ID,141,EULESS
CITY_ID,142,EVERMAN
CITY_ID,143,FAIR OAKS RANCH
CITY_ID,144,FAIRFIELD
CITY_ID,145,FAIRVIEW
CITY_ID,146,FALFURRIAS
CITY_ID,147,FARMERS BRANCH
CITY_ID,148,FARMERSVILLE
CITY_ID,149,FERRIS
CITY_ID,150,FLORESVILLE
CITY_ID,151,FLOWER MOUND
CITY_ID,152,FLOYDADA
CITY_ID,153,FOREST HILL
CITY_ID,154,FORNEY
CITY_ID,155,FORT STOCKTON
CITY_ID,156,FORT WORTH
CITY_ID,157,FREDERICKSBURG
CITY_ID,158,FREEPORT
CITY_ID,159,FREER
CITY_ID,160,FRIENDSWOOD
CITY_ID,161,FRIONA
CITY_ID,162,FRISCO
CITY_ID,163,GAINESVILLE
CITY_ID,164,GALENA PARK
CITY_ID,165,GALVESTON
CITY_ID,166,GARLAND
CITY_ID,167,GATESVILLE
CITY_ID,168,GEORGE WEST
CITY_ID,169,GEORGETOWN
CITY_ID,170,GIDDINGS
CITY_ID,171,GILMER
CITY_ID,172,GLADEWATER
CITY_ID,173,GLENN HEIGHTS
CITY_ID,174,GONZALES
CITY_ID,175,GRAHAM
CITY_ID,176,GRANBURY
CITY_ID,177,GRAND PRAIRIE
CITY_ID,178,GRAND SALINE
CITY_ID,179,GRAPEVINE
CITY_ID,180,GREENVILLE
CITY_ID,181,GROESBECK
CITY_ID,182,GROVES
CITY_ID,183,GUN BARREL CITY
CITY_ID,184,HALLETTSVILLE
CITY_ID,185,HALLSVILLE
CITY_ID,186,HALTOM CITY
CITY_ID,187,HAMILTON
CITY_ID,188,HARKER HEIGHTS
CITY_ID,189,HARLINGEN
CITY_ID,190,HASKELL
CITY_ID,191,HEARNE
CITY_ID,192,HEATH
CITY_ID,193,HELOTES
CITY_ID,194,HEMPSTEAD
CITY_ID,195,HENDERSON
CITY_ID,196,HENRIETTA
CITY_ID,197,HEREFORD
CITY_ID,198,HEWITT
CITY_ID,199,HIDALGO
CITY_ID,200,HIGHLAND PARK
CITY_ID,201,HIGHLAND VILLAGE
CITY_ID,202,HILLSBORO
CITY_ID,203,HITCHCOCK
CITY_ID,204,HOLLYWOOD PARK
CITY_ID,205,HONDO
CITY_ID,206,HOOKS
CITY_ID,207,HORIZON CITY
CITY_ID,208,HOUSTON
CITY_ID,209,HOWE
CITY_ID,210,HUDSON
CITY_ID,211,HUMBLE
CITY_ID,212,HUNTERS CREEK VILLAGE
CITY_ID,213,HUNTSVILLE
CITY_ID,214,HURST
CITY_ID,215,HUTCHINS
CITY_ID,216,INGLESIDE
CITY_ID,217,IOWA PARK
CITY_ID,218,IRVING
CITY_ID,219,JACINTO CITY
CITY_ID,220,JACKSBORO
CITY_ID,221,JACKSONVILLE
CITY_ID,222,JASPER
CITY_ID,223,JERSEY VILLAGE
CITY_ID,224,JOSHUA
CITY_ID,225,JOURDANTON
CITY_ID,226,JUNCTION
CITY_ID,227,KARNES CITY
CITY_ID,228,KATY
CITY_ID,229,KAUFMAN
CITY_ID,230,KEENE
CITY_ID,231,KELLER
CITY_ID,232,KENNEDALE
CITY_ID,233,KERMIT
CITY_ID,234,KERRVILLE
CITY_ID,235,KILGORE
CITY_ID,236,KILLEEN
CITY_ID,237,KINGSVILLE
CITY_ID,238,KIRBY
CITY_ID,239,KYLE
CITY_ID,240,LA FERIA
CITY_ID,241,LA GRANGE
CITY_ID,242,LA JOYA
CITY_ID,243,LA MARQUE
CITY_ID,244,LA PORTE
CITY_ID,245,LACY-LAKEVIEW
CITY_ID,246,LAGO VISTA
CITY_ID,247,LAKE DALLAS
CITY_ID,248,LAKE JACKSON
CITY_ID,249,LAKE WORTH
CITY_ID,250,LAKEWAY
CITY_ID,251,LAMESA
CITY_ID,252,LAMPASAS
CITY_ID,253,LANCASTER
CITY_ID,254,LAREDO
CITY_ID,255,LEAGUE CITY
CITY_ID,256,LEANDER
CITY_ID,257,LEON VALLEY
CITY_ID,258,LEVELLAND
CITY_ID,259,LEWISVILLE
CITY_ID,260,LIBERTY
CITY_ID,261,LINDALE
CITY_ID,262,LITTLE ELM
CITY_ID,263,LITTLEFIELD
CITY_ID,264,LIVE OAK
CITY_ID,265,LIVINGSTON
CITY_ID,266,LLANO
CITY_ID,267,LOCKHART
CITY_ID,268,LONGVIEW
CITY_ID,269,LOS FRESNOS
CITY_ID,270,LUBBOCK
CITY_ID,271,LUCAS
CITY_ID,272,LUFKIN
CITY_ID,273,LULING
CITY_ID,274,LUMBERTON
CITY_ID,275,LYTLE
CITY_ID,276,MADISONVILLE
CITY_ID,277,MANSFIELD
CITY_ID,278,MANVEL
CITY_ID,279,MARBLE FALLS
CITY_ID,280,MARLIN
CITY_ID,281,MARSHALL
CITY_ID,282,MATHIS
CITY_ID,283,MCALLEN
CITY_ID,284,MCGREGOR
CITY_ID,285,MCKINNEY
CITY_ID,286,MEADOW
CITY_ID,287,MERCEDES
CITY_ID,288,MERKEL
CITY_ID,289,MESQUITE
CITY_ID,290,MEXIA
CITY_ID,291,MIDLAND
CITY_ID,292,MIDLOTHIAN
CITY_ID,293,MINEOLA
CITY_ID,294,MINERAL WELLS
CITY_ID,295,MISSION
CITY_ID,296,MISSOURI CITY
CITY_ID,297,MONAHANS
CITY_ID,298,MONT BELVIEU
CITY_ID,299,MORGAN'S POINT RESORT
CITY_ID,300,MOUNT PLEASANT
CITY_ID,301,MULESHOE
CITY_ID,302,MURPHY
CITY_ID,303,NACOGDOCHES
CITY_ID,304,NASSAU BAY
CITY_ID,305,NAVASOTA
CITY_ID,306,NEDERLAND
CITY_ID,307,NEEDVILLE
CITY_ID,308,NEW BOSTON
CITY_ID,309,NEW BRAUNFELS
CITY_ID,310,NOCONA
CITY_ID,311,NOLANVILLE
CITY_ID,312,NORTH RICHLAND HILLS
CITY_ID,313,OAK RIDGE NORTH
CITY_ID,314,ODEM
CITY_ID,315,ODESSA
CITY_ID,316,OLNEY
CITY_ID,317,ORANGE
CITY_ID,318,OVILLA
CITY_ID,319,PALACIOS
CITY_ID,320,PALESTINE
CITY_ID,321,PALMVIEW
CITY_ID,322,PAMPA
CITY_ID,323,CHULA VISTA
CITY_ID,324,PARIS
CITY_ID,325,PASADENA
CITY_ID,326,PEARLAND
CITY_ID,327,PEARSALL
CITY_ID,328,PECOS
CITY_ID,329,PERRYTON
CITY_ID,330,PFLUGERVILLE
CITY_ID,331,PHARR
CITY_ID,332,PILOT POINT
CITY_ID,333,PINEY POINT VILLAGE
CITY_ID,334,PITTSBURG
CITY_ID,335,PLAINVIEW
CITY_ID,336,PLANO
CITY_ID,337,PLEASANTON
CITY_ID,338,PORT ARANSAS
CITY_ID,339,PORT ARTHUR
CITY_ID,340,PORT ISABEL
CITY_ID,341,PORT LAVACA
CITY_ID,342,PORT NECHES
CITY_ID,343,PORTLAND
CITY_ID,344,POST
CITY_ID,345,POTEET
CITY_ID,346,PRAIRIE VIEW
CITY_ID,347,PREMONT
CITY_ID,348,PRESIDIO
CITY_ID,349,PRIMERA
CITY_ID,350,PRINCETON
CITY_ID,351,PROGRESO
CITY_ID,352,QUANAH
CITY_ID,353,RANGER
CITY_ID,354,RAYMONDVILLE
CITY_ID,355,RED OAK
CITY_ID,356,REFUGIO
CITY_ID,357,RICHARDSON
CITY_ID,358,RICHLAND HILLS
CITY_ID,359,RICHMOND
CITY_ID,360,RICHWOOD
CITY_ID,361,RIO BRAVO
CITY_ID,362,RIO GRANDE CITY
CITY_ID,363,RIVER OAKS
CITY_ID,364,ROANOKE
CITY_ID,365,ROBINSON
CITY_ID,366,ROBSTOWN
CITY_ID,367,ROCKDALE
CITY_ID,368,ROCKPORT
CITY_ID,369,ROCKWALL
CITY_ID,370,ROMA
CITY_ID,371,ROSENBERG
CITY_ID,372,ROUND ROCK
CITY_ID,373,ROWLETT
CITY_ID,374,ROYSE CITY
CITY_ID,375,RUSK
CITY_ID,376,SACHSE
CITY_ID,377,SAGINAW
CITY_ID,378,SAN ANGELO
CITY_ID,379,SAN ANTONIO
CITY_ID,380,SAN BENITO
CITY_ID,381,SAN DIEGO
CITY_ID,382,SAN JUAN
CITY_ID,383,SAN MARCOS
CITY_ID,384,SAN SABA
CITY_ID,385,SANGER
CITY_ID,386,SANSOM PARK
CITY_ID,387,SANTA FE
CITY_ID,388,SANTA ROSA
CITY_ID,389,SCHERTZ
CITY_ID,390,SCHULENBURG
CITY_ID,391,SEABROOK
CITY_ID,392,SEAGOVILLE
CITY_ID,393,SEALY
CITY_ID,394,SEGUIN
CITY_ID,395,SEMINOLE
CITY_ID,396,SEYMOUR
CITY_ID,397,SHERMAN
CITY_ID,398,SILSBEE
CITY_ID,399,SINTON
CITY_ID,400,SLATON
CITY_ID,401,SMITHVILLE
CITY_ID,402,SNYDER
CITY_ID,403,SOCORRO
CITY_ID,404,SONORA
CITY_ID,405,SOUTH HOUSTON
CITY_ID,406,SOUTHLAKE
CITY_ID,407,SPEARMAN
CITY_ID,408,SPRING VALLEY
CITY_ID,409,STAFFORD
CITY_ID,410,STAMFORD
CITY_ID,411,STANTON
CITY_ID,412,STEPHENVILLE
CITY_ID,413,SUGAR LAND
CITY_ID,414,SULLIVAN CITY
CITY_ID,415,SULPHUR SPRINGS
CITY_ID,416,SUNNYVALE
CITY_ID,417,SWEENY
CITY_ID,418,SWEETWATER
CITY_ID,419,TAFT
CITY_ID,420,TAHOKA
CITY_ID,421,TAYLOR
CITY_ID,422,TAYLOR LAKE VILLAGE
CITY_ID,423,TEAGUE
CITY_ID,424,TEMPLE
CITY_ID,425,TERRELL
CITY_ID,426,TERRELL HILLS
CITY_ID,427,TEXARKANA
CITY_ID,428,TEXAS CITY
CITY_ID,429,THE COLONY
CITY_ID,430,TOMBALL
CITY_ID,431,TRINITY
CITY_ID,432,TROPHY CLUB
CITY_ID,433,TULIA
CITY_ID,434,TYLER
CITY_ID,435,UNIVERSAL CITY
CITY_ID,436,UNIVERSITY PARK
CITY_ID,437,UVALDE
CITY_ID,438,VAN ALSTYNE
CITY_ID,439,VERNON
CITY_ID,440,VICTORIA
CITY_ID,441,VIDOR
CITY_ID,442,WACO
CITY_ID,443,WAKE VILLAGE
CITY_ID,444,WATAUGA
CITY_ID,445,WAXAHACHIE
CITY_ID,446,WEATHERFORD
CITY_ID,447,WEBSTER
CITY_ID,448,WESLACO
CITY_ID,449,WEST
CITY_ID,450,WEST COLUMBIA
CITY_ID,451,WEST LAKE HILLS
CITY_ID,452,WEST ORANGE
CITY_ID,453,WEST UNIVERSITY PLACE
CITY_ID,454,WHARTON
CITY_ID,455,WHITE OAK
CITY_ID,456,WHITE SETTLEMENT
CITY_ID,457,WHITEHOUSE
CITY_ID,458,WHITESBORO
CITY_ID,459,WICHITA FALLS
CITY_ID,460,WILLIS
CITY_ID,461,WILLOW PARK
CITY_ID,462,WILLS POINT
CITY_ID,463,WILMER
CITY_ID,464,WINDCREST
CITY_ID,465,WINNSBORO
CITY_ID,466,WINTERS
CITY_ID,467,WOODWAY
CITY_ID,468,WYLIE
CITY_ID,469,YOAKUM
CITY_ID,470,ABBOTT
CITY_ID,471,CHULA VISTA
CITY_ID,472,ACKERLY
CITY_ID,473,ADRIAN
CITY_ID,474,AGUA DULCE
CITY_ID,475,CHULA VISTA
CITY_ID,476,ALBA
CITY_ID,477,ALBANY
CITY_ID,478,ALDINE
CITY_ID,479,ALEDO
CITY_ID,480,COYOTE FLATS
CITY_ID,481,HILLTOP
CITY_ID,482,ALMA
CITY_ID,483,ALTO
CITY_ID,484,HILLTOP
CITY_ID,485,LANGTRY
CITY_ID,486,ALVORD
CITY_ID,487,AMES
CITY_ID,488,AMHERST
CITY_ID,489,ANAHUAC
CITY_ID,490,ANDERSON
CITY_ID,491,LANTANA
CITY_ID,492,ANGUS
CITY_ID,493,ANNA
CITY_ID,494,ANNETTA
CITY_ID,495,ANNETTA NORTH
CITY_ID,496,ANNETTA SOUTH
CITY_ID,497,ANNONA
CITY_ID,498,ANTON
CITY_ID,499,APPLEBY
CITY_ID,500,AQUILLA
CITY_ID,501,ARCHER CITY
CITY_ID,502,ARCOLA
CITY_ID,503,ARP
CITY_ID,504,LOMA LINDA EAST
CITY_ID,505,LOS EBANOS
CITY_ID,506,MAPLE
CITY_ID,507,ASHERTON
CITY_ID,508,ASPERMONT
CITY_ID,509,MAPLE
CITY_ID,510,AUBREY
CITY_ID,511,AURORA
CITY_ID,512,AUSTWELL
CITY_ID,513,AVERY
CITY_ID,514,AVINGER
CITY_ID,515,BACLIFF
CITY_ID,516,BAILEY
CITY_ID,517,BAILEY'S PRAIRIE
CITY_ID,518,BAIRD
CITY_ID,519,BALMORHEA
CITY_ID,520,BANDERA
CITY_ID,521,BANGS
CITY_ID,522,BARDWELL
CITY_ID,523,BARRETT
CITY_ID,524,BARRY
CITY_ID,525,BARSTOW
CITY_ID,526,BARTLETT
CITY_ID,527,MEDINA
CITY_ID,528,BARTONVILLE
CITY_ID,529,BATESVILLE
CITY_ID,530,NEW YORK
CITY_ID,531,BAYOU VISTA
CITY_ID,532,BAYSIDE
CITY_ID,533,BAYVIEW
CITY_ID,534,BEACH CITY
CITY_ID,535,BEAR CREEK
CITY_ID,536,BEASLEY
CITY_ID,537,BECKVILLE
CITY_ID,538,BEE CAVE
CITY_ID,539,BELLEVUE
CITY_ID,540,BELLS
CITY_ID,541,BENAVIDES
CITY_ID,542,BENJAMIN
CITY_ID,543,BERRYVILLE
CITY_ID,544,BERTRAM
CITY_ID,545,BEVERLY HILLS
CITY_ID,546,BEVIL OAKS
CITY_ID,547,BIG SANDY
CITY_ID,548,BIG WELLS
CITY_ID,549,BIGFOOT
CITY_ID,550,BISHOP HILLS
CITY_ID,551,VERIBEST
CITY_ID,552,BLACKWELL
CITY_ID,553,BLANCO
CITY_ID,554,BLANKET
CITY_ID,555,BLESSING
CITY_ID,556,BLOOMBURG
CITY_ID,557,BLOOMING GROVE
CITY_ID,558,BLOOMINGTON
CITY_ID,559,BLOSSOM
CITY_ID,561,BLUE MOUND
CITY_ID,562,BLUE RIDGE
CITY_ID,564,BLUM
CITY_ID,565,BOGATA
CITY_ID,566,BOLING-IAGO
CITY_ID,567,BOLIVAR PENINSULA
CITY_ID,568,BONNEY
CITY_ID,569,BOOKER
CITY_ID,571,BOVINA
CITY_ID,573,BOYD
CITY_ID,574,BRACKETTVILLE
CITY_ID,575,BREMOND
CITY_ID,576,BRIAR
CITY_ID,577,BRIARCLIFF
CITY_ID,578,BRIAROAKS
CITY_ID,579,BROADDUS
CITY_ID,580,BRONTE
CITY_ID,581,BROOKSIDE VILLAGE
CITY_ID,582,BROWNDELL
CITY_ID,583,BROWNSBORO
CITY_ID,584,BRUCEVILLE-EDDY
CITY_ID,585,BRUNDAGE
CITY_ID,586,BRUNI
CITY_ID,588,BRYSON
CITY_ID,589,BUCHANAN DAM
CITY_ID,590,BUCKHOLTS
CITY_ID,591,BUFFALO
CITY_ID,592,BUFFALO GAP
CITY_ID,593,BUFFALO SPRINGS
CITY_ID,594,BULLARD
CITY_ID,595,BULVERDE
CITY_ID,596,BUNA
CITY_ID,597,BURKE
CITY_ID,598,BURTON
CITY_ID,600,BYERS
CITY_ID,601,BYNUM
CITY_ID,602,CADDO MILLS
CITY_ID,603,CALLISBURG
CITY_ID,604,CALVERT
CITY_ID,605,CAMERON PARK
CITY_ID,607,CAMP WOOD
CITY_ID,608,CAMPBELL
CITY_ID,609,CANADIAN
CITY_ID,610,CANEY CITY
CITY_ID,612,CANUTILLO
CITY_ID,613,CANYON LAKE
CITY_ID,614,CARBON
CITY_ID,615,CARL'S CORNER
CITY_ID,616,CARMINE
CITY_ID,618,CATARINA
CITY_ID,619,CELESTE
CITY_ID,620,CELINA
CITY_ID,621,CENTERVILLE
CITY_ID,624,CHANDLER
CITY_ID,625,CHANNELVIEW
CITY_ID,626,CHANNING
CITY_ID,627,CHARLOTTE
CITY_ID,628,CHESTER
CITY_ID,629,CHICO
CITY_ID,630,CHILLICOTHE
CITY_ID,631,CHINA
CITY_ID,632,CHINA GROVE
CITY_ID,633,CHIRENO
CITY_ID,634,CHRISTINE
CITY_ID,635,CHRISTOVAL
CITY_ID,642,CLARENDON
CITY_ID,643,CLARKSVILLE CITY
CITY_ID,644,CLAUDE
CITY_ID,645,CLEAR LAKE SHORES
CITY_ID,646,CLINT
CITY_ID,647,CLOVERLEAF
CITY_ID,648,COAHOMA
CITY_ID,649,COFFEE CITY
CITY_ID,650,COLDSPRING
CITY_ID,651,COLLINSVILLE
CITY_ID,652,COLMESNEIL
CITY_ID,653,COMBINE
CITY_ID,654,COMFORT
CITY_ID,655,COMO
CITY_ID,656,CONCEPCION
CITY_ID,657,COOL
CITY_ID,658,COOLIDGE
CITY_ID,659,COOPER
CITY_ID,660,COPPER CANYON
CITY_ID,661,CORRAL CITY
CITY_ID,662,CORRIGAN
CITY_ID,663,COTTONWOOD
CITY_ID,664,COTTONWOOD SHORES
CITY_ID,665,COVE
CITY_ID,666,COVINGTON
CITY_ID,669,CRANFILLS GAP
CITY_ID,670,CRAWFORD
CITY_ID,671,CREEDMOOR
CITY_ID,672,CROSBY
CITY_ID,673,CROSBYTON
CITY_ID,675,CROSS PLAINS
CITY_ID,676,CROSS ROADS
CITY_ID,678,CROWELL
CITY_ID,680,CUMBY
CITY_ID,682,CUNEY
CITY_ID,683,CUSHING
CITY_ID,684,CUT AND SHOOT
CITY_ID,685,DAINGERFIELD
CITY_ID,686,DAISETTA
CITY_ID,687,DALWORTHINGTON GARDENS
CITY_ID,688,DAMON
CITY_ID,689,DANBURY
CITY_ID,690,DARROUZETT
CITY_ID,691,DAWSON
CITY_ID,692,DAYTON LAKES
CITY_ID,693,DE KALB
CITY_ID,694,DE LEON
CITY_ID,695,DEAN
CITY_ID,698,DELL CITY
CITY_ID,699,DEPORT
CITY_ID,700,DETROIT
CITY_ID,701,DEVERS
CITY_ID,702,DEWEYVILLE
CITY_ID,703,DICKENS
CITY_ID,704,DODD CITY
CITY_ID,705,DODSON
CITY_ID,707,DOMINO
CITY_ID,709,DORCHESTER
CITY_ID,710,DOUBLE OAK
CITY_ID,711,DOUGLASSVILLE
CITY_ID,713,DRIPPING SPRINGS
CITY_ID,714,DRISCOLL
CITY_ID,716,EARTH
CITY_ID,717,EAST BERNARD
CITY_ID,718,EAST MOUNTAIN
CITY_ID,719,EAST TAWAKONI
CITY_ID,720,EASTON
CITY_ID,721,ECTOR
CITY_ID,723,EDGEWOOD
CITY_ID,724,EDMONSON
CITY_ID,725,EDOM
CITY_ID,726,EDROY
CITY_ID,729,EL CENIZO
CITY_ID,730,EL INDIO
CITY_ID,732,ELBERT
CITY_ID,733,ELDORADO
CITY_ID,734,ELKHART
CITY_ID,736,ELMENDORF
CITY_ID,737,EMHOUSE
CITY_ID,738,EMORY
CITY_ID,739,ENCANTADA-RANCHITO-EL CALABOZ
CITY_ID,740,ENCHANTED OAKS
CITY_ID,741,ENCINAL
CITY_ID,742,ENCINO
CITY_ID,743,ESCOBARES
CITY_ID,744,ESTELLINE
CITY_ID,745,EUREKA
CITY_ID,746,EUSTACE
CITY_ID,747,EVADALE
CITY_ID,748,EVANT
CITY_ID,749,FABENS
CITY_ID,750,FAIRCHILDS
CITY_ID,751,FALCON HEIGHTS
CITY_ID,755,FALLS CITY
CITY_ID,757,FARWELL
CITY_ID,758,FATE
CITY_ID,759,FAYETTEVILLE
CITY_ID,760,FAYSVILLE
CITY_ID,762,FLATONIA
CITY_ID,763,FLORENCE
CITY_ID,765,FOLLETT
CITY_ID,766,FORSAN
CITY_ID,767,FORT BLISS
CITY_ID,768,FORT DAVIS
CITY_ID,769,FORT HANCOCK
CITY_ID,770,FORT HOOD
CITY_ID,772,FOWLERTON
CITY_ID,773,FRANKLIN
CITY_ID,774,FRANKSTON
CITY_ID,775,FRESNO
CITY_ID,776,FRITCH
CITY_ID,777,FRONTON
CITY_ID,778,FROST
CITY_ID,779,FRUITVALE
CITY_ID,780,FULSHEAR
CITY_ID,781,FULTON
CITY_ID,782,GALLATIN
CITY_ID,783,GANADO
CITY_ID,784,GARCENO
CITY_ID,785,GARDEN RIDGE
CITY_ID,786,GARDENDALE
CITY_ID,788,GARRETT
CITY_ID,789,GARRISON
CITY_ID,790,GARY CITY
CITY_ID,791,GERONIMO
CITY_ID,792,GHOLSON
CITY_ID,793,GIRARD
CITY_ID,794,GLEN ROSE
CITY_ID,795,GODLEY
CITY_ID,796,GOLDSMITH
CITY_ID,797,GOLDTHWAITE
CITY_ID,798,GOLIAD
CITY_ID,799,GOLINDA
CITY_ID,800,GOODLOW
CITY_ID,801,GOODRICH
CITY_ID,802,GORDON
CITY_ID,803,GOREE
CITY_ID,804,GRAFORD
CITY_ID,805,GORMAN
CITY_ID,807,GRANDFALLS
CITY_ID,808,GRANDVIEW
CITY_ID,809,GRANGER
CITY_ID,810,GRANITE SHOALS
CITY_ID,811,GRANJENO
CITY_ID,813,GRAPELAND
CITY_ID,814,GRAYS PRAIRIE
CITY_ID,817,GREGORY
CITY_ID,818,GREY FOREST
CITY_ID,819,GROOM
CITY_ID,820,GROVETON
CITY_ID,821,GRUVER
CITY_ID,823,GUNTER
CITY_ID,824,GUSTINE
CITY_ID,825,HACKBERRY
CITY_ID,826,HALE CENTER
CITY_ID,827,HALLSBURG
CITY_ID,828,HAMLIN
CITY_ID,829,HAPPY
CITY_ID,830,HARDIN
CITY_ID,831,HARPER
CITY_ID,832,HART
CITY_ID,833,HARTLEY
CITY_ID,834,HASLET
CITY_ID,835,HAVANA
CITY_ID,837,HAWKINS
CITY_ID,838,HAWLEY
CITY_ID,839,HAYS
CITY_ID,840,HEBBRONVILLE
CITY_ID,841,HEBRON
CITY_ID,842,HEDLEY
CITY_ID,843,HEDWIG VILLAGE
CITY_ID,844,HEIDELBERG
CITY_ID,845,HEMPHILL
CITY_ID,846,HERMLEIGH
CITY_ID,847,HICKORY CREEK
CITY_ID,848,HICO
CITY_ID,849,HIGGINS
CITY_ID,851,HIGHLANDS
CITY_ID,852,HILL COUNTRY VILLAGE
CITY_ID,855,HILSHIRE VILLAGE
CITY_ID,856,HOLIDAY LAKES
CITY_ID,857,HOLLAND
CITY_ID,858,HOLLIDAY
CITY_ID,861,HONEY GROVE
CITY_ID,862,HORSESHOE BAY
CITY_ID,863,HOWARDWICK
CITY_ID,864,HUBBARD
CITY_ID,866,HUDSON OAKS
CITY_ID,867,HUGHES SPRINGS
CITY_ID,868,HUNGERFORD
CITY_ID,869,HUNTINGTON
CITY_ID,870,HUTTO
CITY_ID,871,HUXLEY
CITY_ID,872,IDALOU
CITY_ID,873,IMPACT
CITY_ID,874,IMPERIAL
CITY_ID,876,INDIAN LAKE
CITY_ID,877,INDUSTRY
CITY_ID,878,INEZ
CITY_ID,879,INGLESIDE ON THE BAY
CITY_ID,880,INGRAM
CITY_ID,881,IOWA COLONY
CITY_ID,882,IRAAN
CITY_ID,883,IREDELL
CITY_ID,884,ITALY
CITY_ID,885,ITASCA
CITY_ID,886,JAMAICA BEACH
CITY_ID,887,JAYTON
CITY_ID,888,JEFFERSON
CITY_ID,889,JEWETT
CITY_ID,890,JOAQUIN
CITY_ID,891,JOHNSON CITY
CITY_ID,892,JOLLY
CITY_ID,894,JONES CREEK
CITY_ID,895,JONESTOWN
CITY_ID,896,JOSEPHINE
CITY_ID,897,JUSTIN
CITY_ID,899,KEMAH
CITY_ID,900,KEMP
CITY_ID,901,KEMPNER
CITY_ID,902,KENDLETON
CITY_ID,903,KENEDY
CITY_ID,904,KENEFICK
CITY_ID,905,KENNARD
CITY_ID,906,KERENS
CITY_ID,907,KINGSBURY
CITY_ID,908,KINGSLAND
CITY_ID,909,KIRBYVILLE
CITY_ID,910,KIRVIN
CITY_ID,911,KNIPPA
CITY_ID,912,KNOLLWOOD
CITY_ID,913,KNOX CITY
CITY_ID,914,KOSSE
CITY_ID,915,KOUNTZE
CITY_ID,916,KRESS
CITY_ID,917,KRUGERVILLE
CITY_ID,918,KRUM
CITY_ID,919,LA BLANCA
CITY_ID,922,LA GRULLA
CITY_ID,924,LA PALOMA
CITY_ID,927,LA PRYOR
CITY_ID,928,LA PUERTA
CITY_ID,930,LA VERNIA
CITY_ID,932,LA VILLA
CITY_ID,933,LA WARD
CITY_ID,936,LADONIA
CITY_ID,938,LAGUNA HEIGHTS
CITY_ID,940,LAGUNA VISTA
CITY_ID,941,LAKE BRIDGEPORT
CITY_ID,943,LAKE CITY
CITY_ID,944,LAKE KIOWA
CITY_ID,945,LAKE TANGLEWOOD
CITY_ID,947,LAKEHILLS
CITY_ID,948,LAKEPORT
CITY_ID,950,LAKESIDE
CITY_ID,951,LAKESIDE CITY
CITY_ID,952,LAKEVIEW
CITY_ID,953,LAKEWOOD VILLAGE
CITY_ID,962,LASARA
CITY_ID,963,LATEXO
CITY_ID,965,LAURELES
CITY_ID,966,LAVON
CITY_ID,967,LAWN
CITY_ID,968,LEAKEY
CITY_ID,969,LEARY
CITY_ID,970,LEFORS
CITY_ID,971,LEONA
CITY_ID,972,LEONARD
CITY_ID,973,LEROY
CITY_ID,974,LEXINGTON
CITY_ID,975,LIBERTY CITY
CITY_ID,976,LIBERTY HILL
CITY_ID,977,LINCOLN PARK
CITY_ID,978,LINDEN
CITY_ID,979,LINDSAY
CITY_ID,980,LIPAN
CITY_ID,981,LIPSCOMB
CITY_ID,982,LITTLE RIVER-ACADEMY
CITY_ID,983,LIVERPOOL
CITY_ID,985,LOCKNEY
CITY_ID,986,LOG CABIN
CITY_ID,987,LOLITA
CITY_ID,989,LOMETA
CITY_ID,990,LONE OAK
CITY_ID,991,LONE STAR
CITY_ID,992,LOPENO
CITY_ID,993,LOPEZVILLE
CITY_ID,994,LORAINE
CITY_ID,995,LORENA
CITY_ID,996,LORENZO
CITY_ID,998,LOS ANGELES
CITY_ID,999,LOS EBANOS
CITY_ID,1000,LOS INDIOS
CITY_ID,1002,LOS YBANEZ
CITY_ID,1004,LOTT
CITY_ID,1005,LOUISE
CITY_ID,1006,LOVELADY
CITY_ID,1007,LOWRY CROSSING
CITY_ID,1008,LOZANO
CITY_ID,1009,LUEDERS
CITY_ID,1010,LYFORD
CITY_ID,1012,MABANK
CITY_ID,1013,MAGNOLIA
CITY_ID,1014,MALAKOFF
CITY_ID,1015,MALONE
CITY_ID,1016,MANOR
CITY_ID,1017,MARATHON
CITY_ID,1018,MARFA
CITY_ID,1019,MARIETTA
CITY_ID,1020,MARION
CITY_ID,1021,MARKHAM
CITY_ID,1022,MARQUEZ
CITY_ID,1023,MARSHALL CREEK
CITY_ID,1024,MART
CITY_ID,1025,MARTINDALE
CITY_ID,1026,MASON
CITY_ID,1027,MATADOR
CITY_ID,1028,MAUD
CITY_ID,1029,MAURICEVILLE
CITY_ID,1030,MAYPEARL
CITY_ID,1031,MCCAMEY
CITY_ID,1032,MCLEAN
CITY_ID,1033,MCLENDON-CHISHOLM
CITY_ID,1034,MCQUEENEY
CITY_ID,1035,MEADOWLAKES
CITY_ID,1037,MEDINA
CITY_ID,1038,MEGARGEL
CITY_ID,1039,MELISSA
CITY_ID,1040,MELVIN
CITY_ID,1041,MEMPHIS
CITY_ID,1042,MENARD
CITY_ID,1043,MERIDIAN
CITY_ID,1044,MERTENS
CITY_ID,1045,MERTZON
CITY_ID,1046,MIAMI
CITY_ID,1047,MIDWAY
CITY_ID,1051,MILAM
CITY_ID,1052,MILANO
CITY_ID,1053,MILDRED
CITY_ID,1054,MILES
CITY_ID,1055,MILFORD
CITY_ID,1056,MILLER'S COVE
CITY_ID,1057,MILLICAN
CITY_ID,1058,MILLSAP
CITY_ID,1059,MINGUS
CITY_ID,1060,MIRANDO CITY
CITY_ID,1061,MISSION BEND
CITY_ID,1062,MOBEETIE
CITY_ID,1064,MONTE ALTO
CITY_ID,1065,MONTGOMERY
CITY_ID,1066,MOODY
CITY_ID,1067,MOORE
CITY_ID,1068,MOORE STATION
CITY_ID,1070,MORAN
CITY_ID,1071,MORGAN
CITY_ID,1073,MORGAN'S POINT
CITY_ID,1075,MORSE
CITY_ID,1076,MORTON
CITY_ID,1077,MOULTON
CITY_ID,1078,MOUNT CALM
CITY_ID,1079,MOUNT ENTERPRISE
CITY_ID,1080,MOUNT VERNON
CITY_ID,1081,MOUNTAIN CITY
CITY_ID,1082,MUENSTER
CITY_ID,1083,MULLIN
CITY_ID,1084,MUNDAY
CITY_ID,1086,MURCHISON
CITY_ID,1088,MUSTANG RIDGE
CITY_ID,1089,NAPLES
CITY_ID,1090,NASH
CITY_ID,1091,NATALIA
CITY_ID,1092,NAVARRO
CITY_ID,1093,NAZARETH
CITY_ID,1094,NESBITT
CITY_ID,1095,NEVADA
CITY_ID,1096,NEW BERLIN
CITY_ID,1097,NEW CHAPEL HILL
CITY_ID,1098,NEW DEAL
CITY_ID,1101,NEW HOME
CITY_ID,1102,NEW HOPE
CITY_ID,1103,NEW LONDON
CITY_ID,1104,NEW SUMMERFIELD
CITY_ID,1106,NEW WAVERLY
CITY_ID,1107,NEWARK
CITY_ID,1108,NEWCASTLE
CITY_ID,1109,NEWTON
CITY_ID,1110,NEYLANDVILLE
CITY_ID,1111,NIEDERWALD
CITY_ID,1112,NIXON
CITY_ID,1113,NOME
CITY_ID,1114,NOONDAY
CITY_ID,1115,NORDHEIM
CITY_ID,1116,NORMANGEE
CITY_ID,1117,NORMANNA
CITY_ID,1119,NORTH CLEVELAND
CITY_ID,1124,NORTHLAKE
CITY_ID,1125,NOVICE
CITY_ID,1127,OAK GROVE
CITY_ID,1129,OAK POINT
CITY_ID,1130,OAK RIDGE
CITY_ID,1131,OAK TRAIL SHORES
CITY_ID,1132,OAK VALLEY
CITY_ID,1133,OAKHURST
CITY_ID,1134,OAKWOOD
CITY_ID,1135,O'BRIEN
CITY_ID,1136,O'DONNELL
CITY_ID,1137,OGLESBY
CITY_ID,1138,OILTON
CITY_ID,1139,OLD RIVER-WINFREE
CITY_ID,1141,OLMITO
CITY_ID,1142,OLMOS PARK
CITY_ID,1143,OLTON
CITY_ID,1144,OMAHA
CITY_ID,1145,ONALASKA
CITY_ID,1147,OPDYKE WEST
CITY_ID,1148,ORANGE GROVE
CITY_ID,1149,ORCHARD
CITY_ID,1150,ORE CITY
CITY_ID,1151,OVERTON
CITY_ID,1153,OYSTER CREEK
CITY_ID,1154,OZONA
CITY_ID,1155,PADUCAH
CITY_ID,1156,PAINT ROCK
CITY_ID,1158,PALM VALLEY
CITY_ID,1159,PALMER
CITY_ID,1160,PALMHURST
CITY_ID,1162,PANORAMA VILLAGE
CITY_ID,1163,PANTEGO
CITY_ID,1164,PARADISE
CITY_ID,1165,PARKER
CITY_ID,1166,PATTISON
CITY_ID,1167,PATTON VILLAGE
CITY_ID,1168,PAWNEE
CITY_ID,1169,PAYNE SPRINGS
CITY_ID,1171,PECAN GAP
CITY_ID,1173,PECAN HILL
CITY_ID,1175,PELICAN BAY
CITY_ID,1176,PENELOPE
CITY_ID,1177,PENITAS
CITY_ID,1178,PERNITAS POINT
CITY_ID,1179,PETERSBURG
CITY_ID,1180,PETROLIA
CITY_ID,1181,PETRONILA
CITY_ID,1182,PETTUS
CITY_ID,1183,PINE FOREST
CITY_ID,1184,PINE ISLAND
CITY_ID,1185,PINEHURST
CITY_ID,1186,PINELAND
CITY_ID,1188,PLAINS
CITY_ID,1189,PLEAK
CITY_ID,1190,PLEASANT VALLEY
CITY_ID,1191,PLUM GROVE
CITY_ID,1192,POINT
CITY_ID,1193,POINT BLANK
CITY_ID,1194,POINT COMFORT
CITY_ID,1195,PONDER
CITY_ID,1196,PORT MANSFIELD
CITY_ID,1197,PORTER HEIGHTS
CITY_ID,1199,POTH
CITY_ID,1200,POTOSI
CITY_ID,1201,POTTSBORO
CITY_ID,1202,POWELL
CITY_ID,1203,POYNOR
CITY_ID,1205,PROGRESO LAKES
CITY_ID,1206,PROSPER
CITY_ID,1207,PUTNAM
CITY_ID,1208,PYOTE
CITY_ID,1211,QUEMADO
CITY_ID,1212,QUINLAN
CITY_ID,1213,QUINTANA
CITY_ID,1214,QUITAQUE
CITY_ID,1215,QUITMAN
CITY_ID,1217,RALLS
CITY_ID,1223,RANCHO VIEJO
CITY_ID,1225,RANGERVILLE
CITY_ID,1226,RANKIN
CITY_ID,1227,RANSOM CANYON
CITY_ID,1229,RAVENNA
CITY_ID,1230,REALITOS
CITY_ID,1231,RED LICK
CITY_ID,1232,REDFORD
CITY_ID,1233,REDWATER
CITY_ID,1234,REDWOOD
CITY_ID,1237,REKLAW
CITY_ID,1239,RENDON
CITY_ID,1240,RENO
CITY_ID,1241,RETREAT
CITY_ID,1242,RHOME
CITY_ID,1243,RICE
CITY_ID,1244,RICHLAND
CITY_ID,1245,RICHLAND SPRINGS
CITY_ID,1246,RIESEL
CITY_ID,1247,RIO HONDO
CITY_ID,1248,RIO VISTA
CITY_ID,1249,RISING STAR
CITY_ID,1250,RIVERSIDE
CITY_ID,1251,ROARING SPRINGS
CITY_ID,1252,ROBERT LEE
CITY_ID,1253,ROBY
CITY_ID,1254,ROCHESTER
CITY_ID,1255,ROCKSPRINGS
CITY_ID,1256,ROCKY MOUND
CITY_ID,1257,ROGERS
CITY_ID,1258,ROLLINGWOOD
CITY_ID,1260,ROMAN FOREST
CITY_ID,1261,ROPESVILLE
CITY_ID,1262,ROSCOE
CITY_ID,1263,ROSE CITY
CITY_ID,1264,ROSE HILL ACRES
CITY_ID,1265,ROSEBUD
CITY_ID,1268,ROSS
CITY_ID,1269,ROSSER
CITY_ID,1270,ROTAN
CITY_ID,1271,ROUND MOUNTAIN
CITY_ID,1272,ROUND TOP
CITY_ID,1273,ROXTON
CITY_ID,1274,RULE
CITY_ID,1275,RUNAWAY BAY
CITY_ID,1276,RUNGE
CITY_ID,1277,SABINAL
CITY_ID,1278,SADLER
CITY_ID,1279,SALADO
CITY_ID,1282,SAN AUGUSTINE
CITY_ID,1283,SAN CARLOS
CITY_ID,1284,SAN ELIZARIO
CITY_ID,1285,SAN FELIPE
CITY_ID,1287,SAN ISIDRO
CITY_ID,1288,SAN LEANNA
CITY_ID,1289,SAN LEON
CITY_ID,1291,SAN PATRICIO
CITY_ID,1292,SAN PEDRO
CITY_ID,1293,SAN PERLITA
CITY_ID,1295,SANDERSON
CITY_ID,1296,SANDIA
CITY_ID,1298,SANFORD
CITY_ID,1299,SANTA ANNA
CITY_ID,1301,SANTA CRUZ
CITY_ID,1302,SANTA MARIA
CITY_ID,1303,SANTA MONICA
CITY_ID,1304,SAVOY
CITY_ID,1305,SCENIC OAKS
CITY_ID,1307,SCOTLAND
CITY_ID,1308,SCOTTSVILLE
CITY_ID,1309,SEADRIFT
CITY_ID,1310,SEAGRAVES
CITY_ID,1311,SEBASTIAN
CITY_ID,1312,SELMA
CITY_ID,1315,SEVEN OAKS
CITY_ID,1316,SEVEN POINTS
CITY_ID,1318,SHADY SHORES
CITY_ID,1319,SHALLOWATER
CITY_ID,1320,SHAMROCK
CITY_ID,1321,SHAVANO PARK
CITY_ID,1322,SHELDON
CITY_ID,1323,SHENANDOAH
CITY_ID,1324,SHEPHERD
CITY_ID,1325,SHINER
CITY_ID,1326,SHOREACRES
CITY_ID,1328,SIERRA BLANCA
CITY_ID,1330,SILVERTON
CITY_ID,1331,SIMONTON
CITY_ID,1332,SKELLYTOWN
CITY_ID,1333,SKIDMORE
CITY_ID,1334,SMILEY
CITY_ID,1335,SMYER
CITY_ID,1336,SNOOK
CITY_ID,1338,SOMERSET
CITY_ID,1339,SOMERVILLE
CITY_ID,1340,SOUR LAKE
CITY_ID,1343,SOUTH MOUNTAIN
CITY_ID,1344,SOUTH PADRE ISLAND
CITY_ID,1347,SOUTHMAYD
CITY_ID,1348,SOUTHSIDE PLACE
CITY_ID,1349,SPADE
CITY_ID,1351,SPLENDORA
CITY_ID,1352,SPOFFORD
CITY_ID,1353,SPRING
CITY_ID,1355,SPRINGLAKE
CITY_ID,1356,SPRINGTOWN
CITY_ID,1357,SPUR
CITY_ID,1358,ST. HEDWIG
CITY_ID,1361,STAGECOACH
CITY_ID,1362,STAR HARBOR
CITY_ID,1363,STERLING CITY
CITY_ID,1364,STINNETT
CITY_ID,1365,STOCKDALE
CITY_ID,1366,STONEWALL
CITY_ID,1367,STOWELL
CITY_ID,1368,STRATFORD
CITY_ID,1369,STRAWN
CITY_ID,1370,STREETMAN
CITY_ID,1371,STUDY BUTTE-TERLINGUA
CITY_ID,1372,SUDAN
CITY_ID,1373,SUN VALLEY
CITY_ID,1374,SUNDOWN
CITY_ID,1375,SUNRAY
CITY_ID,1376,SUNRISE BEACH VILLAGE
CITY_ID,1377,SUNSET
CITY_ID,1378,SUNSET VALLEY
CITY_ID,1379,SURFSIDE BEACH
CITY_ID,1381,TALCO
CITY_ID,1382,TALTY
CITY_ID,1383,TATUM
CITY_ID,1384,TEHUACANA
CITY_ID,1385,TENAHA
CITY_ID,1386,TEXHOMA
CITY_ID,1387,TEXLINE
CITY_ID,1388,VILLAGE OF THE HILLS
CITY_ID,1389,THE WOODLANDS
CITY_ID,1390,THOMPSONS
CITY_ID,1391,THORNDALE
CITY_ID,1392,THORNTON
CITY_ID,1393,THORNTONVILLE
CITY_ID,1394,THRALL
CITY_ID,1395,THREE RIVERS
CITY_ID,1396,THROCKMORTON
CITY_ID,1399,TIKI ISLAND
CITY_ID,1400,TIMBERCREEK CANYON
CITY_ID,1402,TIMPSON
CITY_ID,1403,TIOGA
CITY_ID,1404,TIRA
CITY_ID,1405,TOCO
CITY_ID,1406,TODD MISSION
CITY_ID,1407,TOLAR
CITY_ID,1408,TOM BEAN
CITY_ID,1409,TOOL
CITY_ID,1410,TORNILLO
CITY_ID,1411,TOYAH
CITY_ID,1413,TRENT
CITY_ID,1414,TRENTON
CITY_ID,1415,TRINIDAD
CITY_ID,1416,TROUP
CITY_ID,1417,TROY
CITY_ID,1418,TULETA
CITY_ID,1419,TULSITA
CITY_ID,1420,TURKEY
CITY_ID,1421,TUSCOLA
CITY_ID,1422,TYE
CITY_ID,1423,TYNAN
CITY_ID,1424,UHLAND
CITY_ID,1425,UNCERTAIN
CITY_ID,1426,UNION GROVE
CITY_ID,1427,UTOPIA
CITY_ID,1430,VALENTINE
CITY_ID,1431,VALLEY MILLS
CITY_ID,1432,VALLEY VIEW
CITY_ID,1433,VAN
CITY_ID,1434,VAN HORN
CITY_ID,1435,VAN VLECK
CITY_ID,1436,VANDERBILT
CITY_ID,1437,VEGA
CITY_ID,1438,VENUS
CITY_ID,1442,VINTON
CITY_ID,1443,WAELDER
CITY_ID,1444,WALLER
CITY_ID,1445,WALLIS
CITY_ID,1446,WALNUT SPRINGS
CITY_ID,1447,WARREN CITY
CITY_ID,1448,WASKOM
CITY_ID,1449,WEIMAR
CITY_ID,1450,WEINERT
CITY_ID,1451,WEIR
CITY_ID,1452,WELLINGTON
CITY_ID,1453,WELLMAN
CITY_ID,1454,WELLS
CITY_ID,1457,WEST ODESSA
CITY_ID,1460,WEST TAWAKONI
CITY_ID,1461,WESTBROOK
CITY_ID,1463,WESTLAKE
CITY_ID,1464,WESTMINSTER
CITY_ID,1465,WESTON
CITY_ID,1466,WESTOVER HILLS
CITY_ID,1467,WESTWAY
CITY_ID,1468,WESTWORTH VILLAGE
CITY_ID,1469,WHEELER
CITY_ID,1470,WHITE DEER
CITY_ID,1471,WHITEFACE
CITY_ID,1472,WHITEWRIGHT
CITY_ID,1473,WHITNEY
CITY_ID,1474,WICKETT
CITY_ID,1476,WILLAMAR
CITY_ID,1477,WILSON
CITY_ID,1478,WIMBERLEY
CITY_ID,1480,WINDOM
CITY_ID,1481,WINDTHORST
CITY_ID,1482,WINFIELD
CITY_ID,1483,WINK
CITY_ID,1484,WINNIE
CITY_ID,1485,WINONA
CITY_ID,1486,WIXON VALLEY
CITY_ID,1487,WOLFE CITY
CITY_ID,1488,WOLFFORTH
CITY_ID,1489,WOODBRANCH
CITY_ID,1490,WOODCREEK
CITY_ID,1491,WOODLOCH
CITY_ID,1492,WOODSBORO
CITY_ID,1493,WOODSON
CITY_ID,1494,WOODVILLE
CITY_ID,1495,WORTHAM
CITY_ID,1497,YANTIS
CITY_ID,1498,YORKTOWN
CITY_ID,1500,ZAPATA
CITY_ID,1502,ZAVALLA
CITY_ID,1503,ZUEHL
CITY_ID,1505,MANCHACA
CITY_ID,1506,NEW CANEY
CITY_ID,1508,NORTHCREST
CITY_ID,1511,SAINT JO
CITY_ID,1513,BEDIAS
CITY_ID,1514,BLEDSOE
CITY_ID,1515,BLUFF DALE
CITY_ID,1516,BRONSON
CITY_ID,1517,CAMPBELLTON
CITY_ID,1518,CASON
CITY_ID,1520,CENTER POINT
CITY_ID,1521,CHAPPELL HILL
CITY_ID,1522,CHILTON
CITY_ID,1524,CRESSON
CITY_ID,1525,DEL VALLE
CITY_ID,1527,ELLINGER
CITY_ID,1528,ELM MOTT
CITY_ID,1530,GAIL
CITY_ID,1531,GARDEN CITY
CITY_ID,1532,HOCKLEY
CITY_ID,1534,IOLA
CITY_ID,1535,KINGWOOD
CITY_ID,1536,LEMING
CITY_ID,1537,LILLIAN
CITY_ID,1538,LYONS
CITY_ID,1539,MIDFIELD
CITY_ID,1540,NEW ULM
CITY_ID,1542,D'HANIS
CITY_ID,1543,OVALO
CITY_ID,1546,PORT BOLIVAR
CITY_ID,1550,RICHARDS
CITY_ID,1551,ROANS PRAIRIE
CITY_ID,1552,ROWENA
CITY_ID,1553,SABINE PASS
CITY_ID,1554,ST. PAUL
CITY_ID,1555,SAYERS
CITY_ID,1556,SINGLETON
CITY_ID,1558,TILDEN
CITY_ID,1560,WASHBURN
CITY_ID,1561,WELCH
CITY_ID,1562,WELLBORN
CITY_ID,1565,WILDORADO
CITY_ID,1566,RURAL ANDERSON COUNTY
CITY_ID,1567,RURAL ANDREWS COUNTY
CITY_ID,1568,RURAL ANGELINA COUNTY
CITY_ID,1569,RURAL ARANSAS COUNTY
CITY_ID,1570,RURAL ARCHER COUNTY
CITY_ID,1571,RURAL ARMSTRONG COUNTY
CITY_ID,1572,RURAL ATASCOSA COUNTY
CITY_ID,1573,RURAL AUSTIN COUNTY
CITY_ID,1574,RURAL BAILEY COUNTY
CITY_ID,1575,RURAL BANDERA COUNTY
CITY_ID,1576,RURAL BASTROP COUNTY
CITY_ID,1577,RURAL BAYLOR COUNTY
CITY_ID,1578,RURAL BEE COUNTY
CITY_ID,1579,RURAL BELL COUNTY
CITY_ID,1580,RURAL BEXAR COUNTY
CITY_ID,1581,RURAL BLANCO COUNTY
CITY_ID,1582,RURAL BORDEN COUNTY
CITY_ID,1583,RURAL BOSQUE COUNTY
CITY_ID,1584,RURAL BOWIE COUNTY
CITY_ID,1585,RURAL BRAZORIA COUNTY
CITY_ID,1586,RURAL BRAZOS COUNTY
CITY_ID,1587,RURAL BREWSTER COUNTY
CITY_ID,1588,RURAL BRISCOE COUNTY
CITY_ID,1589,RURAL BROOKS COUNTY
CITY_ID,1590,RURAL BROWN COUNTY
CITY_ID,1591,RURAL BURLESON COUNTY
CITY_ID,1592,RURAL BURNET COUNTY
CITY_ID,1593,RURAL CALDWELL COUNTY
CITY_ID,1594,RURAL CALHOUN COUNTY
CITY_ID,1595,RURAL CALLAHAN COUNTY
CITY_ID,1596,RURAL CAMERON COUNTY
CITY_ID,1597,RURAL CAMP COUNTY
CITY_ID,1598,RURAL CARSON COUNTY
CITY_ID,1599,RURAL CASS COUNTY
CITY_ID,1600,RURAL CASTRO COUNTY
CITY_ID,1601,RURAL CHAMBERS COUNTY
CITY_ID,1602,RURAL CHEROKEE COUNTY
CITY_ID,1603,RURAL CHILDRESS COUNTY
CITY_ID,1604,RURAL CLAY COUNTY
CITY_ID,1605,RURAL COCHRAN COUNTY
CITY_ID,1606,RURAL COKE COUNTY
CITY_ID,1607,RURAL COLEMAN COUNTY
CITY_ID,1608,RURAL COLLIN COUNTY
CITY_ID,1609,RURAL COLLINGSWORTH COUNTY
CITY_ID,1610,RURAL COLORADO COUNTY
CITY_ID,1611,RURAL COMAL COUNTY
CITY_ID,1612,RURAL COMANCHE COUNTY
CITY_ID,1613,RURAL CONCHO COUNTY
CITY_ID,1614,RURAL COOKE COUNTY
CITY_ID,1615,RURAL CORYELL COUNTY
CITY_ID,1616,RURAL COTTLE COUNTY
CITY_ID,1617,RURAL CRANE COUNTY
CITY_ID,1618,RURAL CROCKETT COUNTY
CITY_ID,1619,RURAL CROSBY COUNTY
CITY_ID,1620,RURAL CULBERSON COUNTY
CITY_ID,1621,RURAL DALLAM COUNTY
CITY_ID,1622,RURAL DALLAS COUNTY
CITY_ID,1623,RURAL DAWSON COUNTY
CITY_ID,1624,RURAL DEAF SMITH COUNTY
CITY_ID,1625,RURAL DELTA COUNTY
CITY_ID,1626,RURAL DENTON COUNTY
CITY_ID,1627,RURAL DEWITT COUNTY
CITY_ID,1628,RURAL DICKENS COUNTY
CITY_ID,1629,RURAL DIMMIT COUNTY
CITY_ID,1630,RURAL DONLEY COUNTY
CITY_ID,1631,RURAL DUVAL COUNTY
CITY_ID,1632,RURAL EASTLAND COUNTY
CITY_ID,1633,RURAL ECTOR COUNTY
CITY_ID,1634,RURAL EDWARDS COUNTY
CITY_ID,1635,RURAL EL PASO COUNTY
CITY_ID,1636,RURAL ELLIS COUNTY
CITY_ID,1637,RURAL ERATH COUNTY
CITY_ID,1638,RURAL FALLS COUNTY
CITY_ID,1639,RURAL FANNIN COUNTY
CITY_ID,1640,RURAL FAYETTE COUNTY
CITY_ID,1641,RURAL FISHER COUNTY
CITY_ID,1642,RURAL FLOYD COUNTY
CITY_ID,1643,RURAL FOARD COUNTY
CITY_ID,1644,RURAL FORT BEND COUNTY
CITY_ID,1645,RURAL FRANKLIN COUNTY
CITY_ID,1646,RURAL FREESTONE COUNTY
CITY_ID,1647,RURAL FRIO COUNTY
CITY_ID,1648,RURAL GAINES COUNTY
CITY_ID,1649,RURAL GALVESTON COUNTY
CITY_ID,1650,RURAL GARZA COUNTY
CITY_ID,1651,RURAL GILLESPIE COUNTY
CITY_ID,1652,RURAL GLASSCOCK COUNTY
CITY_ID,1653,RURAL GOLIAD COUNTY
CITY_ID,1654,RURAL GONZALES COUNTY
CITY_ID,1655,RURAL GRAY COUNTY
CITY_ID,1656,RURAL GRAYSON COUNTY
CITY_ID,1657,RURAL GREGG COUNTY
CITY_ID,1658,RURAL GRIMES COUNTY
CITY_ID,1659,RURAL GUADALUPE COUNTY
CITY_ID,1660,RURAL HALE COUNTY
CITY_ID,1661,RURAL HALL COUNTY
CITY_ID,1662,RURAL HAMILTON COUNTY
CITY_ID,1663,RURAL HANSFORD COUNTY
CITY_ID,1664,RURAL HARDEMAN COUNTY
CITY_ID,1665,RURAL HARDIN COUNTY
CITY_ID,1666,RURAL HARRIS COUNTY
CITY_ID,1667,RURAL HARRISON COUNTY
CITY_ID,1668,RURAL HARTLEY COUNTY
CITY_ID,1669,RURAL HASKELL COUNTY
CITY_ID,1670,RURAL HAYS COUNTY
CITY_ID,1671,RURAL HEMPHILL COUNTY
CITY_ID,1672,RURAL HENDERSON COUNTY
CITY_ID,1673,RURAL HIDALGO COUNTY
CITY_ID,1674,RURAL HILL COUNTY
CITY_ID,1675,RURAL HOCKLEY COUNTY
CITY_ID,1676,RURAL HOOD COUNTY
CITY_ID,1677,RURAL HOPKINS COUNTY
CITY_ID,1678,RURAL HOUSTON COUNTY
CITY_ID,1679,RURAL HOWARD COUNTY
CITY_ID,1680,RURAL HUDSPETH COUNTY
CITY_ID,1681,RURAL HUNT COUNTY
CITY_ID,1682,RURAL HUTCHINSON COUNTY
CITY_ID,1683,RURAL IRION COUNTY
CITY_ID,1684,RURAL JACK COUNTY
CITY_ID,1685,RURAL JACKSON COUNTY
CITY_ID,1686,RURAL JASPER COUNTY
CITY_ID,1687,RURAL JEFF DAVIS COUNTY
CITY_ID,1688,RURAL JEFFERSON COUNTY
CITY_ID,1689,RURAL JIM HOGG COUNTY
CITY_ID,1690,RURAL JIM WELLS COUNTY
CITY_ID,1691,RURAL JOHNSON COUNTY
CITY_ID,1692,RURAL JONES COUNTY
CITY_ID,1693,RURAL KARNES COUNTY
CITY_ID,1694,RURAL KAUFMAN COUNTY
CITY_ID,1695,RURAL KENDALL COUNTY
CITY_ID,1696,RURAL KENEDY COUNTY
CITY_ID,1697,RURAL KENT COUNTY
CITY_ID,1698,RURAL KERR COUNTY
CITY_ID,1699,RURAL KIMBLE COUNTY
CITY_ID,1700,RURAL KING COUNTY
CITY_ID,1701,RURAL KINNEY COUNTY
CITY_ID,1702,RURAL KLEBERG COUNTY
CITY_ID,1703,RURAL KNOX COUNTY
CITY_ID,1704,RURAL LAMAR COUNTY
CITY_ID,1705,RURAL LAMB COUNTY
CITY_ID,1706,RURAL LAMPASAS COUNTY
CITY_ID,1707,RURAL LA SALLE COUNTY
CITY_ID,1708,RURAL LAVACA COUNTY
CITY_ID,1709,RURAL LEE COUNTY
CITY_ID,1710,RURAL LEON COUNTY
CITY_ID,1711,RURAL LIBERTY COUNTY
CITY_ID,1712,RURAL LIMESTONE COUNTY
CITY_ID,1713,RURAL LIPSCOMB COUNTY
CITY_ID,1714,RURAL LIVE OAK COUNTY
CITY_ID,1715,RURAL LLANO COUNTY
CITY_ID,1716,RURAL LOVING COUNTY
CITY_ID,1717,RURAL LUBBOCK COUNTY
CITY_ID,1718,RURAL LYNN COUNTY
CITY_ID,1719,RURAL MADISON COUNTY
CITY_ID,1720,RURAL MARION COUNTY
CITY_ID,1721,RURAL MARTIN COUNTY
CITY_ID,1722,RURAL MASON COUNTY
CITY_ID,1723,RURAL MATAGORDA COUNTY
CITY_ID,1724,RURAL MAVERICK COUNTY
CITY_ID,1725,RURAL MCCULLOCH COUNTY
CITY_ID,1726,RURAL MCLENNAN COUNTY
CITY_ID,1727,RURAL MCMULLEN COUNTY
CITY_ID,1728,RURAL MEDINA COUNTY
CITY_ID,1729,RURAL MENARD COUNTY
CITY_ID,1730,RURAL MIDLAND COUNTY
CITY_ID,1731,RURAL MILAM COUNTY
CITY_ID,1732,RURAL MILLS COUNTY
CITY_ID,1733,RURAL MITCHELL COUNTY
CITY_ID,1734,RURAL MONTAGUE COUNTY
CITY_ID,1735,RURAL MONTGOMERY COUNTY
CITY_ID,1736,RURAL MOORE COUNTY
CITY_ID,1737,RURAL MORRIS COUNTY
CITY_ID,1738,RURAL MOTLEY COUNTY
CITY_ID,1739,RURAL NACOGDOCHES COUNTY
CITY_ID,1740,RURAL NAVARRO COUNTY
CITY_ID,1741,RURAL NEWTON COUNTY
CITY_ID,1742,RURAL NOLAN COUNTY
CITY_ID,1743,RURAL NUECES COUNTY
CITY_ID,1744,RURAL OCHILTREE COUNTY
CITY_ID,1745,RURAL OLDHAM COUNTY
CITY_ID,1746,RURAL ORANGE COUNTY
CITY_ID,1747,RURAL PALO PINTO COUNTY
CITY_ID,1748,RURAL PANOLA COUNTY
CITY_ID,1749,RURAL PARKER COUNTY
CITY_ID,1750,RURAL PARMER COUNTY
CITY_ID,1751,RURAL PECOS COUNTY
CITY_ID,1752,RURAL POLK COUNTY
CITY_ID,1753,RURAL POTTER COUNTY
CITY_ID,1754,RURAL PRESIDIO COUNTY
CITY_ID,1755,RURAL RAINS COUNTY
CITY_ID,1756,RURAL RANDALL COUNTY
CITY_ID,1757,RURAL REAGAN COUNTY
CITY_ID,1758,RURAL REAL COUNTY
CITY_ID,1759,RURAL RED RIVER COUNTY
CITY_ID,1760,RURAL REEVES COUNTY
CITY_ID,1761,RURAL REFUGIO COUNTY
CITY_ID,1762,RURAL ROBERTS COUNTY
CITY_ID,1763,RURAL ROBERTSON COUNTY
CITY_ID,1764,RURAL ROCKWALL COUNTY
CITY_ID,1765,RURAL RUNNELS COUNTY
CITY_ID,1766,RURAL RUSK COUNTY
CITY_ID,1767,RURAL SABINE COUNTY
CITY_ID,1768,RURAL SAN AUGUSTINE COUNTY
CITY_ID,1769,RURAL SAN JACINTO COUNTY
CITY_ID,1770,RURAL SAN PATRICIO COUNTY
CITY_ID,1771,RURAL SAN SABA COUNTY
CITY_ID,1772,RURAL SCHLEICHER COUNTY
CITY_ID,1773,RURAL SCURRY COUNTY
CITY_ID,1774,RURAL SHACKELFORD COUNTY
CITY_ID,1775,RURAL SHELBY COUNTY
CITY_ID,1776,RURAL SHERMAN COUNTY
CITY_ID,1777,RURAL SMITH COUNTY
CITY_ID,1778,RURAL SOMERVELL COUNTY
CITY_ID,1779,RURAL STARR COUNTY
CITY_ID,1780,RURAL STEPHENS COUNTY
CITY_ID,1781,RURAL STERLING COUNTY
CITY_ID,1782,RURAL STONEWALL COUNTY
CITY_ID,1783,RURAL SUTTON COUNTY
CITY_ID,1784,RURAL SWISHER COUNTY
CITY_ID,1785,RURAL TARRANT COUNTY
CITY_ID,1786,RURAL TAYLOR COUNTY
CITY_ID,1787,RURAL TERRELL COUNTY
CITY_ID,1788,RURAL TERRY COUNTY
CITY_ID,1789,RURAL THROCKMORTON COUNTY
CITY_ID,1790,RURAL TITUS COUNTY
CITY_ID,1791,RURAL TOM GREEN COUNTY
CITY_ID,1792,RURAL TRAVIS COUNTY
CITY_ID,1793,RURAL TRINITY COUNTY
CITY_ID,1794,RURAL TYLER COUNTY
CITY_ID,1795,RURAL UPSHUR COUNTY
CITY_ID,1796,RURAL UPTON COUNTY
CITY_ID,1797,RURAL UVALDE COUNTY
CITY_ID,1798,RURAL VAL VERDE COUNTY
CITY_ID,1799,RURAL VAN ZANDT COUNTY
CITY_ID,1800,RURAL VICTORIA COUNTY
CITY_ID,1801,RURAL WALKER COUNTY
CITY_ID,1802,RURAL WALLER COUNTY
CITY_ID,1803,RURAL WARD COUNTY
CITY_ID,1804,RURAL WASHINGTON COUNTY
CITY_ID,1805,RURAL WEBB COUNTY
CITY_ID,1806,RURAL WHARTON COUNTY
CITY_ID,1807,RURAL WHEELER COUNTY
CITY_ID,1808,RURAL WICHITA COUNTY
CITY_ID,1809,RURAL WILBARGER COUNTY
CITY_ID,1810,RURAL WILLACY COUNTY
CITY_ID,1811,RURAL WILLIAMSON COUNTY
CITY_ID,1812,RURAL WILSON COUNTY
CITY_ID,1813,RURAL WINKLER COUNTY
CITY_ID,1814,RURAL WISE COUNTY
CITY_ID,1815,RURAL WOOD COUNTY
CITY_ID,1816,RURAL YOAKUM COUNTY
CITY_ID,1817,RURAL YOUNG COUNTY
CITY_ID,1818,RURAL ZAPATA COUNTY
CITY_ID,1819,RURAL ZAVALA COUNTY
CITY_ID,1820,MACDONA
CITY_ID,1821,SAN GERONIMO
CITY_ID,1824,SUTHERLAND SPRINGS
CITY_ID,1860,ADKINS
CITY_ID,1870,AGNES
CITY_ID,1873,AGUILARES
CITY_ID,1896,ALANREED
CITY_ID,1915,ALEXANDER
CITY_ID,1921,ALFRED
CITY_ID,1922,ALGERITA
CITY_ID,1923,ALGOA
CITY_ID,1925,ALICE ACRES
CITY_ID,1926,ALIEF
CITY_ID,1938,ALLEYTON
CITY_ID,1953,ALTAIR
CITY_ID,1954,ALTO BONITO
CITY_ID,1969,SANDY OAKS
CITY_ID,1977,AMSTERDAM
CITY_ID,1985,ANDICE
CITY_ID,2014,APPLE SPRINGS
CITY_ID,2051,ARROYO CITY
CITY_ID,2054,ARTESIA WELLS
CITY_ID,2055,ARTHUR CITY
CITY_ID,2057,ASA
CITY_ID,2066,ASHWOOD
CITY_ID,2071,ATASCOCITA
CITY_ID,2078,ATASCOSA
CITY_ID,2091,AUGUSTA
CITY_ID,2094,AUSTONIO
CITY_ID,2097,AVALON
CITY_ID,2100,AVOCA
CITY_ID,2104,AXTELL
CITY_ID,2112,BAGWELL
CITY_ID,2115,BAILEYVILLE
CITY_ID,2123,BAKERSFIELD
CITY_ID,2126,BALD PRAIRIE
CITY_ID,2131,BALSORA
CITY_ID,2140,BANQUETE
CITY_ID,2150,BARKSDALE
CITY_ID,2152,BARNHART
CITY_ID,2170,BATEMAN
CITY_ID,2173,BATSON
CITY_ID,2195,BAYVIEW
CITY_ID,2217,BEBE
CITY_ID,2246,BELMENA
CITY_ID,2247,BELMONT
CITY_ID,2251,BEN ARNOLD
CITY_ID,2252,BEN BOLT
CITY_ID,2255,BEN FRANKLIN
CITY_ID,2256,BEN HUR
CITY_ID,2257,BEN WHEELER
CITY_ID,2258,BENCHLEY
CITY_ID,2265,BENOIT
CITY_ID,2269,BERCLAIR
CITY_ID,2274,BERGHEIM
CITY_ID,2278,BERNARDO
CITY_ID,2290,BETHEL
CITY_ID,2335,BIROME
CITY_ID,2337,BIRY
CITY_ID,2341,BIVINS
CITY_ID,2367,BLANCONIA
CITY_ID,2374,BLEAKWOOD
CITY_ID,2394,BLUETOWN
CITY_ID,2401,BLUFFTON
CITY_ID,2403,BLUNTZER
CITY_ID,2420,BOLING
CITY_ID,2421,BOLIVAR
CITY_ID,2428,BON WIER
CITY_ID,2438,BONUS
CITY_ID,2442,BOONSVILLE
CITY_ID,2444,BOOTH
CITY_ID,2450,BORDEN
CITY_ID,2471,BOXELDER
CITY_ID,2474,BOYD
CITY_ID,2481,BRACKEN
CITY_ID,2482,BRAD
CITY_ID,2492,BRANCH
CITY_ID,2493,BRANCHVILLE
CITY_ID,2495,BRANDON
CITY_ID,2499,BRASHEAR
CITY_ID,2501,BRAZOS
CITY_ID,2503,BRAZOS COUNTRY
CITY_ID,2509,BRESLAU
CITY_ID,2525,BRIGGS
CITY_ID,2529,BRISTOL
CITY_ID,2537,BROCK
CITY_ID,2544,BROOKELAND
CITY_ID,2556,BROOKSTON
CITY_ID,2579,BRUSHIE PRAIRIE
CITY_ID,2585,BRYANS MILL
CITY_ID,2589,BUCHANAN
CITY_ID,2623,BULA
CITY_ID,2644,BURKETT
CITY_ID,2645,BURKEVILLE
CITY_ID,2646,BURLEIGH
CITY_ID,2647,BURLINGTON
CITY_ID,2653,BURR
CITY_ID,2660,BUSHLAND
CITY_ID,2701,CALL JUNCTION
CITY_ID,2703,CALLAHAN
CITY_ID,2711,CAMDEN
CITY_ID,2734,CAMPO ALTO
CITY_ID,2758,CANYON CITY
CITY_ID,2780,CARLOS
CITY_ID,2782,CARLSBAD
CITY_ID,2784,CARLTON
CITY_ID,2796,CARRICITOS
CITY_ID,2819,CASH
CITY_ID,2826,CASTELL
CITY_ID,2831,CAT SPRING
CITY_ID,2841,CAYUGA
CITY_ID,2844,CEDAR CREEK
CITY_ID,2851,CEDAR LAKE
CITY_ID,2852,CEDAR LANE
CITY_ID,2857,CEDAR SPRINGS
CITY_ID,2864,CEGO
CITY_ID,2886,CENTRAL
CITY_ID,2892,CENTRALIA
CITY_ID,2930,CHAPMAN RANCH
CITY_ID,2934,CHARLESTON
CITY_ID,2935,CHARLIE
CITY_ID,2940,CHATEAU WOODS
CITY_ID,2941,CHATFIELD
CITY_ID,2946,CHEEK
CITY_ID,2950,CHEROKEE
CITY_ID,2954,CHERRY SPRING
CITY_ID,2957,CHICOTA
CITY_ID,2958,CHIHUAHUA
CITY_ID,2964,CHINA SPRING
CITY_ID,2973,CHITA
CITY_ID,2974,CHOATE
CITY_ID,2984,CHURCHILL
CITY_ID,2998,CISTERN
CITY_ID,3016,CLAY
CITY_ID,3036,CLEMVILLE
CITY_ID,3086,COLLEGE MOUND
CITY_ID,3091,COLOGNE
CITY_ID,3116,COMSTOCK
CITY_ID,3118,CONCAN
CITY_ID,3146,CONWAY
CITY_ID,3149,COOKS POINT
CITY_ID,3150,COOKVILLE
CITY_ID,3158,COPEVILLE
CITY_ID,3162,CORBET
CITY_ID,3169,CORLEY
CITY_ID,3186,COST
CITY_ID,3193,COTTONDALE
CITY_ID,3211,COUPLAND
CITY_ID,3234,CRABBS PRAIRIE
CITY_ID,3239,CRANES MILL
CITY_ID,3250,CREWS
CITY_ID,3263,CROSS ROADS
CITY_ID,3268,CROSS TIMBER
CITY_ID,3287,CRYSTAL BEACH
CITY_ID,3296,CULLEOKA
CITY_ID,3299,CUNDIFF
CITY_ID,3303,CURTIS
CITY_ID,3313,CYPRESS
CITY_ID,3325,DACOSTA
CITY_ID,3331,DALE
CITY_ID,3341,DANEVANG
CITY_ID,3348,DARBY HILL
CITY_ID,3359,DAVILLA
CITY_ID,3370,DEANVILLE
CITY_ID,3373,DEBERRY
CITY_ID,3375,DECKER PRAIRIE
CITY_ID,3393,DELHI
CITY_ID,3398,DELMITA
CITY_ID,3406,DENHAWKEN
CITY_ID,3410,DENNIS
CITY_ID,3415,DERMOTT
CITY_ID,3417,DESDEMONA
CITY_ID,3418,DESERT
CITY_ID,3424,DEW
CITY_ID,3426,DEWEES
CITY_ID,3429,DEXTER
CITY_ID,3434,DIANA
CITY_ID,3440,DIKE
CITY_ID,3443,DIME BOX
CITY_ID,3453,DISH
CITY_ID,3458,DIXIE
CITY_ID,3465,DOBBIN
CITY_ID,3470,DODGE
CITY_ID,3475,DOGWOOD CITY
CITY_ID,3477,DOLAN
CITY_ID,3478,DOLEN
CITY_ID,3484,DONIE
CITY_ID,3498,DOUBLE BAYOU
CITY_ID,3502,DOUCETTE
CITY_ID,3507,DOUGLASS
CITY_ID,3515,DOWNSVILLE
CITY_ID,3522,DRAW
CITY_ID,3524,DRESDEN
CITY_ID,3528,DRIFTWOOD
CITY_ID,3534,DRYDEN
CITY_ID,3554,DUNDEE
CITY_ID,3557,DUNLAY
CITY_ID,3558,DUNN
CITY_ID,3563,DURANGO
CITY_ID,3585,EAST COLUMBIA
CITY_ID,3599,EASTERLY
CITY_ID,3608,ECHO
CITY_ID,3615,EDDY
CITY_ID,3620,EDGE
CITY_ID,3647,EL GATO
CITY_ID,3652,EL SAUZ
CITY_ID,3659,ELDERVILLE
CITY_ID,3666,ELIASVILLE
CITY_ID,3670,ELK
CITY_ID,3674,ELLIOT
CITY_ID,3695,ELMO
CITY_ID,3701,ELROY
CITY_ID,3709,ELYSIAN FIELDS
CITY_ID,3726,ENGLE
CITY_ID,3732,ENLOE
CITY_ID,3734,ENOCHS
CITY_ID,3746,ERA
CITY_ID,3749,ERIN
CITY_ID,3754,ESCOBAS
CITY_ID,3767,ETOILE
CITY_ID,3768,ETTER
CITY_ID,3770,EULA
CITY_ID,3822,FALCON
CITY_ID,3834,FANNETT
CITY_ID,3835,FANNIN
CITY_ID,3845,FARRSVILLE
CITY_ID,3851,FAWIL
CITY_ID,3858,FELICIA
CITY_ID,3860,FENTRESS
CITY_ID,3882,FISCHER
CITY_ID,3884,FISK
CITY_ID,3897,FLAT
CITY_ID,3909,FLINT
CITY_ID,3911,FLO
CITY_ID,3929,FLYNN
CITY_ID,3967,FORESTBURG
CITY_ID,3969,FORRESTON
CITY_ID,4006,FOUR CORNERS
CITY_ID,4021,FRANCITAS
CITY_ID,4027,FRED
CITY_ID,4037,FREESTONE
CITY_ID,4039,FREIHEIT
CITY_ID,4040,FRELSBURG
CITY_ID,4080,FRYDEK
CITY_ID,4108,GARCIASVILLE
CITY_ID,4115,GARDENDALE
CITY_ID,4118,GARNER
CITY_ID,4121,GARWOOD
CITY_ID,4123,GARY
CITY_ID,4130,GAUSE
CITY_ID,4148,GERMANIA
CITY_ID,4158,GILCHRIST
CITY_ID,4161,GILLETT
CITY_ID,4172,GIST
CITY_ID,4181,GLAZIER
CITY_ID,4188,GLEN FLORA
CITY_ID,4207,GLIDDEN
CITY_ID,4233,GOODLETT
CITY_ID,4241,GORDONVILLE
CITY_ID,4269,GRANGERLAND
CITY_ID,4272,GRAPE CREEK
CITY_ID,4292,GREEN LAKE
CITY_ID,4324,GRESHAM
CITY_ID,4337,GROCEVILLE
CITY_ID,4372,GUTHRIE
CITY_ID,4373,GUY
CITY_ID,4389,HAINESVILLE
CITY_ID,4411,HAMSHIRE
CITY_ID,4412,HANCOCK
CITY_ID,4417,HANKAMER
CITY_ID,4437,HARGILL
CITY_ID,4440,HARLETON
CITY_ID,4461,HARRIS
CITY_ID,4467,HARROLD
CITY_ID,4469,HARTBURG
CITY_ID,4479,HARWOOD
CITY_ID,4482,HASSE
CITY_ID,4521,HEIDENHEIMER
CITY_ID,4525,HELENA
CITY_ID,4534,HENLY
CITY_ID,4581,HIGH ISLAND
CITY_ID,4593,HIGHLAND HAVEN
CITY_ID,4611,HILLISTER
CITY_ID,4612,HILLJE
CITY_ID,4619,HILLTOP LAKES
CITY_ID,4636,HOBBS
CITY_ID,4638,HOBSON
CITY_ID,4653,HOLIDAY BEACH
CITY_ID,4665,HOLLY SPRINGS
CITY_ID,4675,HONEY ISLAND
CITY_ID,4718,HUCKABAY
CITY_ID,4726,HUFF CREEK
CITY_ID,4728,HUFFMAN
CITY_ID,4733,HULL
CITY_ID,4741,HUNT
CITY_ID,4757,HYE
CITY_ID,4776,INDEPENDENCE
CITY_ID,4801,IRA
CITY_ID,4816,IVANHOE
CITY_ID,4817,IZORO
CITY_ID,4836,JARRELL
CITY_ID,4841,JEAN
CITY_ID,4846,JENNINGS
CITY_ID,4850,JERMYN
CITY_ID,4871,JOHNTOWN
CITY_ID,4873,JOINERVILLE
CITY_ID,4874,JOLIET
CITY_ID,4875,JONAH
CITY_ID,4877,JONES PRAIRIE
CITY_ID,4878,JONESBORO
CITY_ID,4900,JULIFF
CITY_ID,4912,KANAWHA
CITY_ID,4915,KARNACK
CITY_ID,4930,KEETER
CITY_ID,4931,KEITH
CITY_ID,4936,KELLOGG
CITY_ID,4945,KENDALIA
CITY_ID,4949,KENNEY
CITY_ID,4969,KILDARE
CITY_ID,4989,KINGSTON
CITY_ID,4999,KIRKLAND
CITY_ID,5006,KLEIN
CITY_ID,5011,KNICKERBOCKER
CITY_ID,5021,KNOTT
CITY_ID,5026,KOMENSKY
CITY_ID,5031,KOPPERL
CITY_ID,5032,KOSCIUSKO
CITY_ID,5040,KURTEN
CITY_ID,5044,LA BELLE
CITY_ID,5046,LA CASITA
CITY_ID,5048,LA COSTE
CITY_ID,5074,LA REFORMA
CITY_ID,5077,LA ROSITA
CITY_ID,5086,LA VICTORIA
CITY_ID,5099,LAGARTO
CITY_ID,5111,LAIRD HILL
CITY_ID,5150,LAKESIDE
CITY_ID,5156,LAKESIDE VILLAGE
CITY_ID,5163,LAKEVIEW
CITY_ID,5177,LAMAR
CITY_ID,5188,LANE CITY
CITY_ID,5192,LANEVILLE
CITY_ID,5198,LANNIUS
CITY_ID,5200,LANTANA
CITY_ID,5206,LARUE
CITY_ID,5211,LAS LOMAS
CITY_ID,5221,LAS YESCAS
CITY_ID,5240,LAWRENCE
CITY_ID,5246,LAZBUDDIE
CITY_ID,5255,LEDBETTER
CITY_ID,5263,LEESBURG
CITY_ID,5264,LEESVILLE
CITY_ID,5267,LEGGETT
CITY_ID,5269,LEHMAN
CITY_ID,5274,LELIA LAKE
CITY_ID,5283,LEON SPRINGS
CITY_ID,5316,LINCOLN
CITY_ID,5326,LINGLEVILLE
CITY_ID,5329,LINN
CITY_ID,5333,LISSIE
CITY_ID,5335,LITTLE CYPRESS
CITY_ID,5402,LONG MOTT
CITY_ID,5417,LOS BARRERAS
CITY_ID,5421,LOS GARZAS
CITY_ID,5426,LOS VILLAREALES
CITY_ID,5437,LOVING
CITY_ID,5448,LUELLA
CITY_ID,5460,LUTIE
CITY_ID,5463,LYDIA
CITY_ID,5470,LYTTON SPRINGS
CITY_ID,5492,MAGNET
CITY_ID,5494,MAGNOLIA BEACH
CITY_ID,5499,MAGNOLIA SPRINGS
CITY_ID,5511,MALTA
CITY_ID,5521,MANHEIM
CITY_ID,5524,MANKINS
CITY_ID,5535,MAPLETON
CITY_ID,5564,MARTINSVILLE
CITY_ID,5570,MARYNEAL
CITY_ID,5582,MATAGORDA
CITY_ID,5592,MAXEY
CITY_ID,5594,MAXWELL
CITY_ID,5596,MAY
CITY_ID,5599,MAYDELLE
CITY_ID,5610,MAYSFIELD
CITY_ID,5613,MCCAULLEY
CITY_ID,5616,MCCOOK
CITY_ID,5623,MCDADE
CITY_ID,5641,MCLEOD
CITY_ID,5642,MCMAHAN
CITY_ID,5644,MCNAIR
CITY_ID,5659,MEADOWS PLACE
CITY_ID,5691,MENDOZA
CITY_ID,5698,MERIT
CITY_ID,5701,MERRELLTOWN
CITY_ID,5716,MICO
CITY_ID,5725,MIDKIFF
CITY_ID,5768,MILLERSVIEW
CITY_ID,5781,MINDEN
CITY_ID,5783,MINERAL
CITY_ID,5787,MINERVA
CITY_ID,5798,MISSION VALLEY
CITY_ID,5809,MOBILE CITY
CITY_ID,5818,MONAVILLE
CITY_ID,5823,MONROE CITY
CITY_ID,5825,MONT
CITY_ID,5826,MONTAGUE
CITY_ID,5828,MONTALBA
CITY_ID,5850,MOOREVILLE
CITY_ID,5857,MORGAN MILL
CITY_ID,5873,MOSCOW
CITY_ID,5877,MOSS BLUFF
CITY_ID,5878,MOSS HILL
CITY_ID,5910,MOUNT UNION
CITY_ID,5918,MOUNTAIN HOME
CITY_ID,5920,MOUNTAIN SPRINGS
CITY_ID,5942,MUMFORD
CITY_ID,5962,MYRA
CITY_ID,5967,NADA
CITY_ID,5979,NAVARRO MILLS
CITY_ID,5985,NECHES
CITY_ID,5994,NEINDA
CITY_ID,6000,NELSONVILLE
CITY_ID,6002,NEMO
CITY_ID,6008,NEW BADEN
CITY_ID,6022,NEW FAIRVIEW
CITY_ID,6054,NEW TAITON
CITY_ID,6071,NEWSOME
CITY_ID,6087,NOACK
CITY_ID,6094,NOLAN
CITY_ID,6105,NORIAS
CITY_ID,6107,NORMANDY
CITY_ID,6138,NORTH ZULCH
CITY_ID,6154,NORTHRUP
CITY_ID,6162,NOTREES
CITY_ID,6171,NUGENT
CITY_ID,6174,NURSERY
CITY_ID,6204,OAK LEAF
CITY_ID,6239,OAKVILLE
CITY_ID,6247,OCEE
CITY_ID,6272,OKLAUNION
CITY_ID,6274,OLA
CITY_ID,6299,OLD OCEAN
CITY_ID,6310,OLD SALEM
CITY_ID,6318,OLDEN
CITY_ID,6319,OLDENBURG
CITY_ID,6323,OLETHA
CITY_ID,6338,OPLIN
CITY_ID,6343,ORANGEDALE
CITY_ID,6344,ORANGEFIELD
CITY_ID,6362,OSCEOLA
CITY_ID,6367,OTTO
CITY_ID,6385,PAIGE
CITY_ID,6386,PAINT CREEK
CITY_ID,6394,PALISADES
CITY_ID,6407,PALO PINTO
CITY_ID,6414,PANDORA
CITY_ID,6415,PANHANDLE
CITY_ID,6422,PAPALOTE
CITY_ID,6436,PARK SPRINGS
CITY_ID,6473,PATRICIA
CITY_ID,6479,PATTONVILLE
CITY_ID,6482,PAWELEKVILLE
CITY_ID,6494,PEAR RIDGE
CITY_ID,6501,PEASTER
CITY_ID,6517,PECOS CITY
CITY_ID,6538,PENNINGTON
CITY_ID,6540,PEORIA
CITY_ID,6546,PERRIN
CITY_ID,6547,PERRY
CITY_ID,6549,PERRY LANDING
CITY_ID,6553,PERSONVILLE
CITY_ID,6560,PETERSVILLE
CITY_ID,6562,PETTIBONE
CITY_ID,6588,PICKTON
CITY_ID,6592,PIERCE
CITY_ID,6654,PIPE CREEK
CITY_ID,6662,PLACEDO
CITY_ID,6675,PLANTERSVILLE
CITY_ID,6710,PLUM
CITY_ID,6719,POETRY
CITY_ID,6720,POINT ENTERPRISE
CITY_ID,6722,POINT VENTURE
CITY_ID,6725,POLLOK
CITY_ID,6735,PONTOTOC
CITY_ID,6738,POOLVILLE
CITY_ID,6744,PORT ALTO
CITY_ID,6751,PORT O'CONNOR
CITY_ID,6756,PORTER
CITY_ID,6770,POST OAK BEND
CITY_ID,6776,POTTSVILLE
CITY_ID,6777,POWDERLY
CITY_ID,6783,PRAHA
CITY_ID,6789,PRAIRIE HILL
CITY_ID,6791,PRAIRIE LEA
CITY_ID,6798,PRAIRIE POINT
CITY_ID,6810,PRIDDY
CITY_ID,6816,PROCTOR
CITY_ID,6842,PUMPKIN
CITY_ID,6844,PUNKIN CENTER
CITY_ID,6848,PURDON
CITY_ID,6851,PURSLEY
CITY_ID,6864,QUEEN CITY
CITY_ID,6866,QUIHI
CITY_ID,6877,RACHAL
CITY_ID,6884,RAINBOW
CITY_ID,6885,RAISIN
CITY_ID,6886,RALEIGH
CITY_ID,6889,RAMIRENO
CITY_ID,6904,RANDADO
CITY_ID,6905,RANDOLPH
CITY_ID,6922,RAYBURN
CITY_ID,6928,RAYWOOD
CITY_ID,6930,REAGAN
CITY_ID,6952,RED GATE
CITY_ID,6961,RED ROCK
CITY_ID,6977,REEDVILLE
CITY_ID,7010,RHINELAND
CITY_ID,7013,RICARDO
CITY_ID,7014,RICES CROSSING
CITY_ID,7020,RIDGE
CITY_ID,7031,RINCON
CITY_ID,7032,RINGGOLD
CITY_ID,7037,RIOS
CITY_ID,7063,RIVIERA
CITY_ID,7067,ROANE
CITY_ID,7070,ROBBINS
CITY_ID,7075,ROCHELLE
CITY_ID,7084,ROCK ISLAND
CITY_ID,7093,ROCKETT
CITY_ID,7099,ROCKNE
CITY_ID,7102,ROCKWOOD
CITY_ID,7129,ROMA CREEK
CITY_ID,7131,ROMAYOR
CITY_ID,7140,ROSANKY
CITY_ID,7152,ROSHARON
CITY_ID,7159,ROSSVILLE
CITY_ID,7175,ROYALTY
CITY_ID,7188,RUMLEY
CITY_ID,7202,RUTERSVILLE
CITY_ID,7207,RYE
CITY_ID,7218,SACUL
CITY_ID,7223,SAGERTON
CITY_ID,7249,SALINENO
CITY_ID,7257,SALTILLO
CITY_ID,7263,SAM RAYBURN
CITY_ID,7264,SAMARIA
CITY_ID,7272,SAN GABRIEL
CITY_ID,7282,SAN MANUEL
CITY_ID,7284,SAN MIGUEL
CITY_ID,7288,SAN ROMAN
CITY_ID,7290,SAN YGNACIO
CITY_ID,7292,SANCTUARY
CITY_ID,7315,SANDUSKY
CITY_ID,7316,SANDY
CITY_ID,7323,SANDY POINT
CITY_ID,7327,SANTA CLARA
CITY_ID,7328,SANTA ELENA
CITY_ID,7333,SANTO
CITY_ID,7336,SARAGOSA
CITY_ID,7337,SARATOGA
CITY_ID,7346,SARITA
CITY_ID,7352,SATTLER
CITY_ID,7356,SAVANNAH
CITY_ID,7372,SCHROEDER
CITY_ID,7375,SCHWERTNER
CITY_ID,7389,SCROGGINS
CITY_ID,7391,SCURRY
CITY_ID,7413,SEGNO
CITY_ID,7420,SELMAN CITY
CITY_ID,7437,SEWARD JUNCTION
CITY_ID,7465,SHAFTER
CITY_ID,7475,SHARP
CITY_ID,7490,SHEFFIELD
CITY_ID,7493,SHELBYVILLE
CITY_ID,7501,SHERIDAN
CITY_ID,7527,SHIRO
CITY_ID,7551,SILVER CITY
CITY_ID,7562,SIMMS
CITY_ID,7573,SISTERDALE
CITY_ID,7594,SLIDELL
CITY_ID,7597,SLOCUM
CITY_ID,7602,SMETANA
CITY_ID,7603,SMITH
CITY_ID,7609,SMITH POINT
CITY_ID,7616,SMITHSON VALLEY
CITY_ID,7618,SMITHWICK
CITY_ID,7673,SOUTH PURMELA
CITY_ID,7699,SPANISH CAMP
CITY_ID,7706,SPEAKS
CITY_ID,7711,SPEEGLEVILLE
CITY_ID,7714,SPICEWOOD
CITY_ID,7722,SPRING BRANCH
CITY_ID,7757,SPURGER
CITY_ID,7764,STAIRTOWN
CITY_ID,7771,STAPLES
CITY_ID,7772,STAR
CITY_ID,7776,STARTZVILLE
CITY_ID,7782,STEEP HOLLOW
CITY_ID,7814,STONEBURG
CITY_ID,7815,STONEHAM
CITY_ID,7854,SUBLIME
CITY_ID,7857,SUGAR VALLEY
CITY_ID,7870,SUMNER
CITY_ID,7894,SUTTON
CITY_ID,7913,SYLVESTER
CITY_ID,7923,TALPA
CITY_ID,7934,TARPLEY
CITY_ID,7938,TARZAN
CITY_ID,7944,TAVENER
CITY_ID,7956,TELEPHONE
CITY_ID,7957,TELFERNER
CITY_ID,7958,TELICO
CITY_ID,7967,TENNESSEE COLONY
CITY_ID,7971,TERLINGUA
CITY_ID,7989,THALIA
CITY_ID,7997,THELMA
CITY_ID,8001,THICKET
CITY_ID,8006,THOMASTON
CITY_ID,8011,THORNBERRY
CITY_ID,8014,THORP SPRING
CITY_ID,8025,THURBER
CITY_ID,8035,TILMON
CITY_ID,8050,TIVOLI
CITY_ID,8061,TOLEDO
CITY_ID,8063,TOLOSA
CITY_ID,8069,TOURS
CITY_ID,8070,TOW
CITY_ID,8076,TOWN BLUFF
CITY_ID,8084,TRAVIS
CITY_ID,8087,TREASURE ISLAND
CITY_ID,8101,TROUT CREEK
CITY_ID,8103,TRUBY
CITY_ID,8106,TRUMBULL
CITY_ID,8116,TUNIS
CITY_ID,8117,TUPELO
CITY_ID,8124,TURNERTOWN
CITY_ID,8144,UMBARGER
CITY_ID,8159,UNION HIGH
CITY_ID,8191,VALERA
CITY_ID,8195,VALLEY JUNCTION
CITY_ID,8198,VALLEY SPRING
CITY_ID,8214,VANDERPOOL
CITY_ID,8222,VAUGHAN
CITY_ID,8224,VEALMOOR
CITY_ID,8233,VERA
CITY_ID,8254,VIEW
CITY_ID,8267,VILLAGE MILLS
CITY_ID,8284,VOLENTE
CITY_ID,8286,VON ORMY
CITY_ID,8289,VOTAW
CITY_ID,8294,WADSWORTH
CITY_ID,8295,WAGNER
CITY_ID,8296,WAKA
CITY_ID,8299,WALBURG
CITY_ID,8316,WALL
CITY_ID,8318,WALLISVILLE
CITY_ID,8320,WALNUT BEND
CITY_ID,8343,WARDA
CITY_ID,8351,WARREN
CITY_ID,8353,WARRENTON
CITY_ID,8357,WASHINGTON
CITY_ID,8360,WATER VALLEY
CITY_ID,8373,WATT
CITY_ID,8389,WEBBERVILLE
CITY_ID,8391,WECHES
CITY_ID,8392,WEEDHAVEN
CITY_ID,8395,WEESATCHE
CITY_ID,8401,WELCOME
CITY_ID,8404,WELDON
CITY_ID,8472,WESTHOFF
CITY_ID,8479,WESTON LAKES
CITY_ID,8482,WESTPHALIA
CITY_ID,8495,WETMORE
CITY_ID,8503,WHEELOCK
CITY_ID,8534,WHITHARRAL
CITY_ID,8539,WHITT
CITY_ID,8540,WHITTON
CITY_ID,8546,WIERGATE
CITY_ID,8553,WILD PEACH
CITY_ID,8581,WILLOW CITY
CITY_ID,8604,WINCHELL
CITY_ID,8632,WISE
CITY_ID,8637,WODEN
CITY_ID,8651,WOODBINE
CITY_ID,8653,WOODBURY
CITY_ID,8696,WRIGHTSBORO
CITY_ID,8702,YANCEY
CITY_ID,8728,ZEPHYR
CITY_ID,8739,ZORN
CITY_ID,8742,OAK RIDGE
CITY_ID,8743,HILLCREST VILLAGE
CITY_ID,8744,MUSTANG
CITY_ID,8745,NOVICE
CITY_ID,8746,PINEHURST
CITY_ID,8747,PRAIRIE HILL
CITY_ID,8748,RENO
CITY_ID,8749,RETREAT
CITY_ID,8750,SAN PEDRO
CITY_ID,8752,THELMA
CITY_ID,8753,RIOMEDINA
CITY_ID,8754,ACE
CITY_ID,8755,ACTON
CITY_ID,8756,ADAMSVILLE
CITY_ID,8757,ALBERT
CITY_ID,8758,ALLISON
CITY_ID,8759,ARMSTRONG
CITY_ID,8760,BLACK JACK
CITY_ID,8761,BRAZOS BEND
CITY_ID,8762,BROOKESMITH
CITY_ID,8763,BRUSHY CREEK
CITY_ID,8764,BUCKHORN
CITY_ID,8765,CALL
CITY_ID,8766,CARANCAHUA
CITY_ID,8767,CASHION
CITY_ID,8768,CAWTHON
CITY_ID,8769,CHALK MOUNTAIN
CITY_ID,8770,CIRCLEVILLE
CITY_ID,8771,CLAIREMONT
CITY_ID,8772,CLAYTON
CITY_ID,8773,COLLEGEPORT
CITY_ID,8774,CORNUDAS
CITY_ID,8775,COTTON CENTER
CITY_ID,8776,COYANOSA
CITY_ID,8777,DANCIGER
CITY_ID,8778,DECORDOVA
CITY_ID,8779,DEMI-JOHN
CITY_ID,8780,DIALVILLE
CITY_ID,8781,DOUGHERTY
CITY_ID,8782,EGYPT
CITY_ID,8783,ELM GROVE
CITY_ID,8784,ELMATON
CITY_ID,8785,EOLA
CITY_ID,8786,FAIRMONT
CITY_ID,8787,FARNSWORTH
CITY_ID,8788,FIELDS STORE
CITY_ID,8789,GARFIELD
CITY_ID,8790,GENEVA
CITY_ID,8791,GOBER
CITY_ID,8792,GREENWOOD
CITY_ID,8793,GUADALUPE
CITY_ID,8794,GUERRA
CITY_ID,8795,HAWK COVE
CITY_ID,8796,HIDEAWAY
CITY_ID,8797,HOPE
CITY_ID,8798,HUFFINES
CITY_ID,8799,IAGO
CITY_ID,8800,IVANHOE
CITY_ID,8801,JAMESTOWN
CITY_ID,8802,KENT
CITY_ID,8803,KLONDIKE
CITY_ID,8804,LA GLORIA
CITY_ID,8805,LAGUNA PARK
CITY_ID,8806,LASALLE
CITY_ID,8807,LIBERTY
CITY_ID,8808,LIVELY
CITY_ID,8809,LONDON
CITY_ID,8810,LONE OAK
CITY_ID,8811,LOS ARRIEROS
CITY_ID,8812,MANCHESTER
CITY_ID,8813,MAYFLOWER
CITY_ID,8814,MILLER GROVE
CITY_ID,8815,MOUNT SELMAN
CITY_ID,8816,NEEDMORE
CITY_ID,8817,NEWPORT
CITY_ID,8818,OAK ISLAND
CITY_ID,8819,OAKLAND
CITY_ID,8820,OLD UNION
CITY_ID,8821,ORLA
CITY_ID,8822,OTEY
CITY_ID,8823,OWENS
CITY_ID,8824,PALOMA CREEK
CITY_ID,8825,PINE GROVE
CITY_ID,8826,PINE SPRINGS
CITY_ID,8827,PLEDGER
CITY_ID,8828,PRICE
CITY_ID,8829,PROGRESS
CITY_ID,8830,PROVIDENCE
CITY_ID,8831,PROVIDENCE
CITY_ID,8832,QUAIL
CITY_ID,8833,RANCHOS PENITAS WEST
CITY_ID,8834,RATCLIFF
CITY_ID,8835,REAGAN WELLS
CITY_ID,8836,SAMNORWOOD
CITY_ID,8837,SANTA ANNA
CITY_ID,8838,SARGENT
CITY_ID,8839,SCRAPPIN VALLEY
CITY_ID,8840,SELFS
CITY_ID,8841,SHANKLEVILLE
CITY_ID,8842,SHERWOOD SHORES
CITY_ID,8843,SIMPSONVILLE
CITY_ID,8844,SMYRNA
CITY_ID,8845,SOUTH BEND
CITY_ID,8846,SPARENBERG
CITY_ID,8847,ST. PAUL
CITY_ID,8848,SWEET HOME
CITY_ID,8849,TARKINGTON PRAIRIE
CITY_ID,8850,TAYLOR LANDING
CITY_ID,8851,UNION VALLEY
CITY_ID,8852,VALLEY VIEW
CITY_ID,8853,VASHTI
CITY_ID,8854,WATSON
CITY_ID,8855,WEST POINT
CITY_ID,8856,WHEATLAND
CITY_ID,8857,WHITEHALL
CITY_ID,8858,WINCHESTER
CITY_ID,8859,WOODLAWN
CITY_ID,8860,WOODROW
CITY_ID,8861,YARRELLTON
CITY_ID,8862,VOLENTE VILLAGE
CITY_ID,99999,UNKNOWN
CITY_ID,9999,UNINCORPORATED
CNTY_ID,1,Anderson
CNTY_ID,2,Andrews
CNTY_ID,3,Angelina
CNTY_ID,4,Aransas
CNTY_ID,5,Archer
CNTY_ID,6,Armstrong
CNTY_ID,7,Atascosa
CNTY_ID,8,Austin
CNTY_ID,9,Bailey
CNTY_ID,10,Bandera
CNTY_ID,11,Bastrop
CNTY_ID,12,Baylor
CNTY_ID,13,Bee
CNTY_ID,14,Bell
CNTY_ID,15,Bexar
CNTY_ID,16,Blanco
CNTY_ID,17,Borden
CNTY_ID,18,Bosque
CNTY_ID,19,Bowie
CNTY_ID,20,Brazoria
CNTY_ID,21,Brazos
CNTY_ID,22,Brewster
CNTY_ID,23,Briscoe
CNTY_ID,24,Brooks
CNTY_ID,25,Brown
CNTY_ID,26,Burleson
CNTY_ID,27,Burnet
CNTY_ID,28,Caldwell
CNTY_ID,29,Calhoun
CNTY_ID,30,Callahan
CNTY_ID,31,Cameron
CNTY_ID,32,Camp
CNTY_ID,33,Carson
CNTY_ID,34,Cass
CNTY_ID,35,Castro
CNTY_ID,36,Chambers
CNTY_ID,37,Cherokee
CNTY_ID,38,Childress
CNTY_ID,39,Clay
CNTY_ID,40,Cochran
CNTY_ID,41,Coke
CNTY_ID,42,Coleman
CNTY_ID,43,Collin
CNTY_ID,44,Collingsworth
CNTY_ID,45,Colorado
CNTY_ID,46,Comal
CNTY_ID,47,Comanche
CNTY_ID,48,Concho
CNTY_ID,49,Cooke
CNTY_ID,50,Coryell
CNTY_ID,51,Cottle
CNTY_ID,52,Crane
CNTY_ID,53,Crockett
CNTY_ID,54,Crosby
CNTY_ID,55,Culberson
CNTY_ID,56,Dallam
CNTY_ID,57,Dallas
CNTY_ID,58,Dawson
CNTY_ID,59,Deaf Smith
CNTY_ID,60,Delta
CNTY_ID,61,Denton
CNTY_ID,62,Dewitt
CNTY_ID,63,Dickens
CNTY_ID,64,Dimmit
CNTY_ID,65,Donley
CNTY_ID,66,Duval
CNTY_ID,67,Eastland
CNTY_ID,68,Ector
CNTY_ID,69,Edwards
CNTY_ID,70,Ellis
CNTY_ID,71,El Paso
CNTY_ID,72,Erath
CNTY_ID,73,Falls
CNTY_ID,74,Fannin
CNTY_ID,75,Fayette
CNTY_ID,76,Fisher
CNTY_ID,77,Floyd
CNTY_ID,78,Foard
CNTY_ID,79,Fort Bend
CNTY_ID,80,Franklin
CNTY_ID,81,Freestone
CNTY_ID,82,Frio
CNTY_ID,83,Gaines
CNTY_ID,84,Galveston
CNTY_ID,85,Garza
CNTY_ID,86,Gillespie
CNTY_ID,87,Glasscock
CNTY_ID,88,Goliad
CNTY_ID,89,Gonzales
CNTY_ID,90,Gray
CNTY_ID,91,Grayson
CNTY_ID,92,Gregg
CNTY_ID,93,Grimes
CNTY_ID,94,Guadalupe
CNTY_ID,95,Hale
CNTY_ID,96,Hall
CNTY_ID,97,Hamilton
CNTY_ID,98,Hansford
CNTY_ID,99,Hardeman
CNTY_ID,100,Hardin
CNTY_ID,101,Harris
CNTY_ID,102,Harrison
CNTY_ID,103,Hartley
CNTY_ID,104,Haskell
CNTY_ID,105,Hays
CNTY_ID,106,Hemphill
CNTY_ID,107,Henderson
CNTY_ID,108,Hidalgo
CNTY_ID,109,Hill
CNTY_ID,110,Hockley
CNTY_ID,111,Hood
CNTY_ID,112,Hopkins
CNTY_ID,113,Houston
CNTY_ID,114,Howard
CNTY_ID,115,Hudspeth
CNTY_ID,116,Hunt
CNTY_ID,117,Hutchinson
CNTY_ID,118,Irion
CNTY_ID,119,Jack
CNTY_ID,120,Jackson
CNTY_ID,121,Jasper
CNTY_ID,122,Jeff Davis
CNTY_ID,123,Jefferson
CNTY_ID,124,Jim Hogg
CNTY_ID,125,Jim Wells
CNTY_ID,126,Johnson
CNTY_ID,127,Jones
CNTY_ID,128,Karnes
CNTY_ID,129,Kaufman
CNTY_ID,130,Kendall
CNTY_ID,131,Kenedy
CNTY_ID,132,Kent
CNTY_ID,133,Kerr
CNTY_ID,134,Kimble
CNTY_ID,135,King
CNTY_ID,136,Kinney
CNTY_ID,137,Kleberg
CNTY_ID,138,Knox
CNTY_ID,139,Lamar
CNTY_ID,140,Lamb
CNTY_ID,141,Lampasas
CNTY_ID,142,La Salle
CNTY_ID,143,Lavaca
CNTY_ID,144,Lee
CNTY_ID,145,Leon
CNTY_ID,146,Liberty
CNTY_ID,147,Limestone
CNTY_ID,148,Lipscomb
CNTY_ID,149,Live Oak
CNTY_ID,150,Llano
CNTY_ID,151,Loving
CNTY_ID,152,Lubbock
CNTY_ID,153,Lynn
CNTY_ID,154,Madison
CNTY_ID,155,Marion
CNTY_ID,156,Martin
CNTY_ID,157,Mason
CNTY_ID,158,Matagorda
CNTY_ID,159,Maverick
CNTY_ID,160,McCulloch
CNTY_ID,161,McLennan
CNTY_ID,162,McMullen
CNTY_ID,163,Medina
CNTY_ID,164,Menard
CNTY_ID,165,Midland
CNTY_ID,166,Milam
CNTY_ID,167,Mills
CNTY_ID,168,Mitchell
CNTY_ID,169,Montague
CNTY_ID,170,Montgomery
CNTY_ID,171,Moore
CNTY_ID,172,Morris
CNTY_ID,173,Motley
CNTY_ID,174,Nacogdoches
CNTY_ID,175,Navarro
CNTY_ID,176,Newton
CNTY_ID,177,Nolan
CNTY_ID,178,Nueces
CNTY_ID,179,Ochiltree
CNTY_ID,180,Oldham
CNTY_ID,181,Orange
CNTY_ID,182,Palo Pinto
CNTY_ID,183,Panola
CNTY_ID,184,Parker
CNTY_ID,185,Parmer
CNTY_ID,186,Pecos
CNTY_ID,187,Polk
CNTY_ID,188,Potter
CNTY_ID,189,Presidio
CNTY_ID,190,Rains
CNTY_ID,191,Randall
CNTY_ID,192,Reagan
CNTY_ID,193,Real
CNTY_ID,194,Red River
CNTY_ID,195,Reeves
CNTY_ID,196,Refugio
CNTY_ID,197,Roberts
CNTY_ID,198,Robertson
CNTY_ID,199,Rockwall
CNTY_ID,200,Runnels
CNTY_ID,201,Rusk
CNTY_ID,202,Sabine
CNTY_ID,203,San Augustine
CNTY_ID,204,San Jacinto
CNTY_ID,205,San Patricio
CNTY_ID,206,San Saba
CNTY_ID,207,Schleicher
CNTY_ID,208,Scurry
CNTY_ID,209,Shackelford
CNTY_ID,210,Shelby
CNTY_ID,211,Sherman
CNTY_ID,212,Smith
CNTY_ID,213,Somervell
CNTY_ID,214,Starr
CNTY_ID,215,Stephens
CNTY_ID,216,Sterling
CNTY_ID,217,Stonewall
CNTY_ID,218,Sutton
CNTY_ID,219,Swisher
CNTY_ID,220,Tarrant
CNTY_ID,221,Taylor
CNTY_ID,222,Terrell
CNTY_ID,223,Terry
CNTY_ID,224,Throckmorton
CNTY_ID,225,Titus
CNTY_ID,226,Tom Green
CNTY_ID,227,Travis
CNTY_ID,228,Trinity
CNTY_ID,229,Tyler
CNTY_ID,230,Upshur
CNTY_ID,231,Upton
CNTY_ID,232,Uvalde
CNTY_ID,233,Val Verde
CNTY_ID,234,Van Zandt
CNTY_ID,235,Victoria
CNTY_ID,236,Walker
CNTY_ID,237,Waller
CNTY_ID,238,Ward
CNTY_ID,239,Washington
CNTY_ID,240,Webb
CNTY_ID,241,Wharton
CNTY_ID,242,Wheeler
CNTY_ID,243,Wichita
CNTY_ID,244,Wilbarger
CNTY_ID,245,Willacy
CNTY_ID,246,Williamson
CNTY_ID,247,Wilson
CNTY_ID,248,Winkler
CNTY_ID,249,Wise
CNTY_ID,250,Wood
CNTY_ID,251,Yoakum
CNTY_ID,252,Young
CNTY_ID,253,Zapata
CNTY_ID,254,Zavala
